Effect Slipery Layer_0:
  TMX raw: obj.x=2762.91, obj.y=1852.12, obj.width=1050.67, obj.height=699.03
  Scaling: sx=0.2727272727272727, sy=0.2727272727272727, TILESIZE=150, tilewidth=550, tileheight=550
  Calculated: x_game=753.520909090909, y_game=505.1236363636363, w_game=286.54636363636365, h_game=190.64454545454544
  Final rect: <rect(753, 505, 287, 191)> (surf_w=287, surf_h=191)

Effect Slipery Layer_1:
  TMX raw: obj.x=1281.94, obj.y=726.182, obj.width=890.909, obj.height=758.061
  Scaling: sx=0.2727272727272727, sy=0.2727272727272727, TILESIZE=150, tilewidth=550, tileheight=550
  Calculated: x_game=349.62, y_game=198.04963636363635, w_game=242.9751818181818, h_game=206.74390909090909
  Final rect: <rect(349, 198, 243, 207)> (surf_w=243, surf_h=207)

Effect Slipery Layer_2:
  TMX raw: obj.x=1680.0, obj.y=732.242, obj.width=890.909, obj.height=758.061
  Scaling: sx=0.2727272727272727, sy=0.2727272727272727, TILESIZE=150, tilewidth=550, tileheight=550
  Calculated: x_game=458.18181818181813, y_game=199.7023636363636, w_game=242.9751818181818, h_game=206.74390909090909
  Final rect: <rect(458, 199, 243, 207)> (surf_w=243, surf_h=207)

Effect Slipery Layer_3:
  TMX raw: obj.x=1584.73, obj.y=1669.45, obj.width=103.03031, obj.height=84.8485
  Scaling: sx=0.2727272727272727, sy=0.2727272727272727, TILESIZE=150, tilewidth=550, tileheight=550
  Calculated: x_game=432.1990909090909, y_game=455.3045454545454, w_game=28.099175454545453, h_game=23.1405
  Final rect: <rect(432, 455, 28, 23)> (surf_w=28, surf_h=23)

Effect Slipery Layer_4:
  TMX raw: obj.x=1716.48, obj.y=2136.36, obj.width=103.03031, obj.height=84.8485
  Scaling: sx=0.2727272727272727, sy=0.2727272727272727, TILESIZE=150, tilewidth=550, tileheight=550
  Calculated: x_game=468.1309090909091, y_game=582.6436363636363, w_game=28.099175454545453, h_game=23.1405
  Final rect: <rect(468, 582, 28, 23)> (surf_w=28, surf_h=23)

Effect Slipery Layer_5:
  TMX raw: obj.x=2386.55, obj.y=1828.97, obj.width=890.909, obj.height=758.061
  Scaling: sx=0.2727272727272727, sy=0.2727272727272727, TILESIZE=150, tilewidth=550, tileheight=550
  Calculated: x_game=650.8772727272727, y_game=498.80999999999995, w_game=242.9751818181818, h_game=206.74390909090909
  Final rect: <rect(650, 498, 243, 207)> (surf_w=243, surf_h=207)

Effect Slipery Layer_6:
  TMX raw: obj.x=1834.55, obj.y=1268.97, obj.width=890.909, obj.height=758.061
  Scaling: sx=0.2727272727272727, sy=0.2727272727272727, TILESIZE=150, tilewidth=550, tileheight=550
  Calculated: x_game=500.3318181818181, y_game=346.08272727272725, w_game=242.9751818181818, h_game=206.74390909090909
  Final rect: <rect(500, 346, 243, 207)> (surf_w=243, surf_h=207)

Effect Slipery Layer_7:
  TMX raw: obj.x=3322.55, obj.y=1820.97, obj.width=890.909, obj.height=758.061
  Scaling: sx=0.2727272727272727, sy=0.2727272727272727, TILESIZE=150, tilewidth=550, tileheight=550
  Calculated: x_game=906.15, y_game=496.6281818181818, w_game=242.9751818181818, h_game=206.74390909090909
  Final rect: <rect(906, 496, 243, 207)> (surf_w=243, surf_h=207)

Effect Slipery Layer_8:
  TMX raw: obj.x=5146.55, obj.y=2932.97, obj.width=890.909, obj.height=758.061
  Scaling: sx=0.2727272727272727, sy=0.2727272727272727, TILESIZE=150, tilewidth=550, tileheight=550
  Calculated: x_game=1403.6045454545454, y_game=799.900909090909, w_game=242.9751818181818, h_game=206.74390909090909
  Final rect: <rect(1403, 799, 243, 207)> (surf_w=243, surf_h=207)

Effect Slipery Layer_9:
  TMX raw: obj.x=6210.66, obj.y=3498.49, obj.width=1634.67, obj.height=699.03
  Scaling: sx=0.2727272727272727, sy=0.2727272727272727, TILESIZE=150, tilewidth=550, tileheight=550
  Calculated: x_game=1693.8163636363636, y_game=954.1336363636362, w_game=445.8190909090909, h_game=190.64454545454544
  Final rect: <rect(1693, 954, 446, 191)> (surf_w=446, surf_h=191)

Effect Slipery Layer_10:
  TMX raw: obj.x=3942.66, obj.y=2402.49, obj.width=2122.67, obj.height=707.03
  Scaling: sx=0.2727272727272727, sy=0.2727272727272727, TILESIZE=150, tilewidth=550, tileheight=550
  Calculated: x_game=1075.270909090909, y_game=655.2245454545454, w_game=578.91, h_game=192.82636363636362
  Final rect: <rect(1075, 655, 579, 193)> (surf_w=579, surf_h=193)

Effect Slipery Layer_11:
  TMX raw: obj.x=3482.55, obj.y=2380.97, obj.width=890.909, obj.height=758.061
  Scaling: sx=0.2727272727272727, sy=0.2727272727272727, TILESIZE=150, tilewidth=550, tileheight=550
  Calculated: x_game=949.7863636363636, y_game=649.3554545454544, w_game=242.9751818181818, h_game=206.74390909090909
  Final rect: <rect(949, 649, 243, 207)> (surf_w=243, surf_h=207)

Effect Slipery Layer_12:
  TMX raw: obj.x=5674.55, obj.y=3468.97, obj.width=890.909, obj.height=758.061
  Scaling: sx=0.2727272727272727, sy=0.2727272727272727, TILESIZE=150, tilewidth=550, tileheight=550
  Calculated: x_game=1547.6045454545454, y_game=946.0827272727272, w_game=242.9751818181818, h_game=206.74390909090909
  Final rect: <rect(1547, 946, 243, 207)> (surf_w=243, surf_h=207)

Effect Slipery Layer_13:
  TMX raw: obj.x=5518.66, obj.y=2962.49, obj.width=1634.67, obj.height=699.03
  Scaling: sx=0.2727272727272727, sy=0.2727272727272727, TILESIZE=150, tilewidth=550, tileheight=550
  Calculated: x_game=1505.0890909090908, y_game=807.9518181818181, w_game=445.8190909090909, h_game=190.64454545454544
  Final rect: <rect(1505, 807, 446, 191)> (surf_w=446, surf_h=191)

Effect Slipery Layer_14:
  TMX raw: obj.x=6610.55, obj.y=2924.97, obj.width=890.909, obj.height=758.061
  Scaling: sx=0.2727272727272727, sy=0.2727272727272727, TILESIZE=150, tilewidth=550, tileheight=550
  Calculated: x_game=1802.8772727272726, y_game=797.7190909090908, w_game=242.9751818181818, h_game=206.74390909090909
  Final rect: <rect(1802, 797, 243, 207)> (surf_w=243, surf_h=207)

Effect Slipery Layer_15:
  TMX raw: obj.x=5530.55, obj.y=2356.97, obj.width=890.909, obj.height=758.061
  Scaling: sx=0.2727272727272727, sy=0.2727272727272727, TILESIZE=150, tilewidth=550, tileheight=550
  Calculated: x_game=1508.331818181818, y_game=642.81, w_game=242.9751818181818, h_game=206.74390909090909
  Final rect: <rect(1508, 642, 243, 207)> (surf_w=243, surf_h=207)

Effect Slipery Layer_16:
  TMX raw: obj.x=2226.55, obj.y=1268.97, obj.width=890.909, obj.height=758.061
  Scaling: sx=0.2727272727272727, sy=0.2727272727272727, TILESIZE=150, tilewidth=550, tileheight=550
  Calculated: x_game=607.2409090909091, y_game=346.08272727272725, w_game=242.9751818181818, h_game=206.74390909090909
  Final rect: <rect(607, 346, 243, 207)> (surf_w=243, surf_h=207)

Effect Slipery Layer_17:
  TMX raw: obj.x=1884.0, obj.y=1468.0, obj.width=132.0, obj.height=128.0
  Scaling: sx=0.2727272727272727, sy=0.2727272727272727, TILESIZE=150, tilewidth=550, tileheight=550
  Calculated: x_game=513.8181818181818, y_game=400.3636363636363, w_game=36.0, h_game=34.90909090909091
  Final rect: <rect(513, 400, 36, 35)> (surf_w=36, surf_h=35)

Effect Slipery Layer_18:
  TMX raw: obj.x=2580.0, obj.y=1172.0, obj.width=140.0, obj.height=116.0
  Scaling: sx=0.2727272727272727, sy=0.2727272727272727, TILESIZE=150, tilewidth=550, tileheight=550
  Calculated: x_game=703.6363636363636, y_game=319.6363636363636, w_game=38.18181818181818, h_game=31.636363636363633
  Final rect: <rect(703, 319, 38, 32)> (surf_w=38, surf_h=32)

Effect Slipery Layer_19:
  TMX raw: obj.x=3124.0, obj.y=1704.0, obj.width=252.0, obj.height=144.0
  Scaling: sx=0.2727272727272727, sy=0.2727272727272727, TILESIZE=150, tilewidth=550, tileheight=550
  Calculated: x_game=851.9999999999999, y_game=464.7272727272727, w_game=68.72727272727272, h_game=39.272727272727266
  Final rect: <rect(851, 464, 69, 39)> (surf_w=69, surf_h=39)

Effect Slipery Layer_20:
  TMX raw: obj.x=3320.0, obj.y=2560.0, obj.width=232.0, obj.height=152.0
  Scaling: sx=0.2727272727272727, sy=0.2727272727272727, TILESIZE=150, tilewidth=550, tileheight=550
  Calculated: x_game=905.4545454545454, y_game=698.1818181818181, w_game=63.272727272727266, h_game=41.45454545454545
  Final rect: <rect(905, 698, 63, 41)> (surf_w=63, surf_h=41)

Effect Slipery Layer_21:
  TMX raw: obj.x=2376.0, obj.y=2156.0, obj.width=172.0, obj.height=164.0
  Scaling: sx=0.2727272727272727, sy=0.2727272727272727, TILESIZE=150, tilewidth=550, tileheight=550
  Calculated: x_game=648.0, y_game=588.0, w_game=46.90909090909091, h_game=44.72727272727273
  Final rect: <rect(648, 588, 47, 45)> (surf_w=47, surf_h=45)

Effect Slipery Layer_22:
  TMX raw: obj.x=4216.0, obj.y=2236.0, obj.width=240.0, obj.height=160.0
  Scaling: sx=0.2727272727272727, sy=0.2727272727272727, TILESIZE=150, tilewidth=550, tileheight=550
  Calculated: x_game=1149.8181818181818, y_game=609.8181818181818, w_game=65.45454545454545, h_game=43.63636363636363
  Final rect: <rect(1149, 609, 65, 44)> (surf_w=65, surf_h=44)

Effect Slipery Layer_23:
  TMX raw: obj.x=5212.0, obj.y=3120.0, obj.width=228.0, obj.height=204.0
  Scaling: sx=0.2727272727272727, sy=0.2727272727272727, TILESIZE=150, tilewidth=550, tileheight=550
  Calculated: x_game=1421.4545454545453, y_game=850.9090909090909, w_game=62.18181818181818, h_game=55.63636363636363
  Final rect: <rect(1421, 850, 62, 56)> (surf_w=62, surf_h=56)

Effect Slipery Layer_24:
  TMX raw: obj.x=6424.0, obj.y=2816.0, obj.width=336.0, obj.height=148.0
  Scaling: sx=0.2727272727272727, sy=0.2727272727272727, TILESIZE=150, tilewidth=550, tileheight=550
  Calculated: x_game=1751.9999999999998, y_game=768.0, w_game=91.63636363636363, h_game=40.36363636363636
  Final rect: <rect(1751, 768, 92, 40)> (surf_w=92, surf_h=40)

Effect Slipery Layer_25:
  TMX raw: obj.x=5724.0, obj.y=3676.0, obj.width=160.0, obj.height=116.0
  Scaling: sx=0.2727272727272727, sy=0.2727272727272727, TILESIZE=150, tilewidth=550, tileheight=550
  Calculated: x_game=1561.090909090909, y_game=1002.5454545454545, w_game=43.63636363636363, h_game=31.636363636363633
  Final rect: <rect(1561, 1002, 44, 32)> (surf_w=44, surf_h=32)

Effect Slipery Layer_26:
  TMX raw: obj.x=7520.0, obj.y=3332.0, obj.width=268.0, obj.height=164.0
  Scaling: sx=0.2727272727272727, sy=0.2727272727272727, TILESIZE=150, tilewidth=550, tileheight=550
  Calculated: x_game=2050.9090909090905, y_game=908.7272727272726, w_game=73.09090909090908, h_game=44.72727272727273
  Final rect: <rect(2050, 908, 73, 45)> (surf_w=73, surf_h=45)

Effect Slipery Layer_27:
  TMX raw: obj.x=6398.66, obj.y=4802.49, obj.width=6066.67, obj.height=3243.03
  Scaling: sx=0.2727272727272727, sy=0.2727272727272727, TILESIZE=150, tilewidth=550, tileheight=550
  Calculated: x_game=1745.0890909090908, y_game=1309.7699999999998, w_game=1654.5463636363636, h_game=884.4627272727273
  Final rect: <rect(1745, 1309, 1655, 884)> (surf_w=1655, surf_h=884)

Effect Slipery Layer_28:
  TMX raw: obj.x=10142.7, obj.y=8034.49, obj.width=2818.67, obj.height=2923.03
  Scaling: sx=0.2727272727272727, sy=0.2727272727272727, TILESIZE=150, tilewidth=550, tileheight=550
  Calculated: x_game=2766.190909090909, y_game=2191.224545454545, w_game=768.7281818181817, h_game=797.1899999999999
  Final rect: <rect(2766, 2191, 769, 797)> (surf_w=769, surf_h=797)

Effect Slipery Layer_29:
  TMX raw: obj.x=9326.67, obj.y=5482.49, obj.width=3682.67, obj.height=3675.03
  Scaling: sx=0.2727272727272727, sy=0.2727272727272727, TILESIZE=150, tilewidth=550, tileheight=550
  Calculated: x_game=2543.6372727272724, y_game=1495.2245454545453, w_game=1004.3645454545454, h_game=1002.2809090909091
  Final rect: <rect(2543, 1495, 1004, 1002)> (surf_w=1004, surf_h=1002)

Effect Slipery Layer_30:
  TMX raw: obj.x=7918.67, obj.y=5418.49, obj.width=2818.67, obj.height=2923.03
  Scaling: sx=0.2727272727272727, sy=0.2727272727272727, TILESIZE=150, tilewidth=550, tileheight=550
  Calculated: x_game=2159.6372727272724, y_game=1477.7699999999998, w_game=768.7281818181817, h_game=797.1899999999999
  Final rect: <rect(2159, 1477, 769, 797)> (surf_w=769, surf_h=797)

Effect Slipery Layer_0:
  TMX raw: obj.x=2762.91, obj.y=1852.12, obj.width=1050.67, obj.height=699.03
  Scaling: sx=0.2727272727272727, sy=0.2727272727272727, TILESIZE=150, tilewidth=550, tileheight=550
  Calculated: x_game=753.520909090909, y_game=505.1236363636363, w_game=286.54636363636365, h_game=190.64454545454544
  Final rect: <rect(753, 505, 287, 191)> (surf_w=287, surf_h=191)

Effect Slipery Layer_1:
  TMX raw: obj.x=1281.94, obj.y=726.182, obj.width=890.909, obj.height=758.061
  Scaling: sx=0.2727272727272727, sy=0.2727272727272727, TILESIZE=150, tilewidth=550, tileheight=550
  Calculated: x_game=349.62, y_game=198.04963636363635, w_game=242.9751818181818, h_game=206.74390909090909
  Final rect: <rect(349, 198, 243, 207)> (surf_w=243, surf_h=207)

Effect Slipery Layer_2:
  TMX raw: obj.x=1680.0, obj.y=732.242, obj.width=890.909, obj.height=758.061
  Scaling: sx=0.2727272727272727, sy=0.2727272727272727, TILESIZE=150, tilewidth=550, tileheight=550
  Calculated: x_game=458.18181818181813, y_game=199.7023636363636, w_game=242.9751818181818, h_game=206.74390909090909
  Final rect: <rect(458, 199, 243, 207)> (surf_w=243, surf_h=207)

Effect Slipery Layer_3:
  TMX raw: obj.x=1584.73, obj.y=1669.45, obj.width=103.03031, obj.height=84.8485
  Scaling: sx=0.2727272727272727, sy=0.2727272727272727, TILESIZE=150, tilewidth=550, tileheight=550
  Calculated: x_game=432.1990909090909, y_game=455.3045454545454, w_game=28.099175454545453, h_game=23.1405
  Final rect: <rect(432, 455, 28, 23)> (surf_w=28, surf_h=23)

Effect Slipery Layer_4:
  TMX raw: obj.x=1716.48, obj.y=2136.36, obj.width=103.03031, obj.height=84.8485
  Scaling: sx=0.2727272727272727, sy=0.2727272727272727, TILESIZE=150, tilewidth=550, tileheight=550
  Calculated: x_game=468.1309090909091, y_game=582.6436363636363, w_game=28.099175454545453, h_game=23.1405
  Final rect: <rect(468, 582, 28, 23)> (surf_w=28, surf_h=23)

Effect Slipery Layer_5:
  TMX raw: obj.x=2386.55, obj.y=1828.97, obj.width=890.909, obj.height=758.061
  Scaling: sx=0.2727272727272727, sy=0.2727272727272727, TILESIZE=150, tilewidth=550, tileheight=550
  Calculated: x_game=650.8772727272727, y_game=498.80999999999995, w_game=242.9751818181818, h_game=206.74390909090909
  Final rect: <rect(650, 498, 243, 207)> (surf_w=243, surf_h=207)

Effect Slipery Layer_6:
  TMX raw: obj.x=1834.55, obj.y=1268.97, obj.width=890.909, obj.height=758.061
  Scaling: sx=0.2727272727272727, sy=0.2727272727272727, TILESIZE=150, tilewidth=550, tileheight=550
  Calculated: x_game=500.3318181818181, y_game=346.08272727272725, w_game=242.9751818181818, h_game=206.74390909090909
  Final rect: <rect(500, 346, 243, 207)> (surf_w=243, surf_h=207)

Effect Slipery Layer_7:
  TMX raw: obj.x=3322.55, obj.y=1820.97, obj.width=890.909, obj.height=758.061
  Scaling: sx=0.2727272727272727, sy=0.2727272727272727, TILESIZE=150, tilewidth=550, tileheight=550
  Calculated: x_game=906.15, y_game=496.6281818181818, w_game=242.9751818181818, h_game=206.74390909090909
  Final rect: <rect(906, 496, 243, 207)> (surf_w=243, surf_h=207)

Effect Slipery Layer_8:
  TMX raw: obj.x=5146.55, obj.y=2932.97, obj.width=890.909, obj.height=758.061
  Scaling: sx=0.2727272727272727, sy=0.2727272727272727, TILESIZE=150, tilewidth=550, tileheight=550
  Calculated: x_game=1403.6045454545454, y_game=799.900909090909, w_game=242.9751818181818, h_game=206.74390909090909
  Final rect: <rect(1403, 799, 243, 207)> (surf_w=243, surf_h=207)

Effect Slipery Layer_9:
  TMX raw: obj.x=6210.66, obj.y=3498.49, obj.width=1634.67, obj.height=699.03
  Scaling: sx=0.2727272727272727, sy=0.2727272727272727, TILESIZE=150, tilewidth=550, tileheight=550
  Calculated: x_game=1693.8163636363636, y_game=954.1336363636362, w_game=445.8190909090909, h_game=190.64454545454544
  Final rect: <rect(1693, 954, 446, 191)> (surf_w=446, surf_h=191)

Effect Slipery Layer_10:
  TMX raw: obj.x=3942.66, obj.y=2402.49, obj.width=2122.67, obj.height=707.03
  Scaling: sx=0.2727272727272727, sy=0.2727272727272727, TILESIZE=150, tilewidth=550, tileheight=550
  Calculated: x_game=1075.270909090909, y_game=655.2245454545454, w_game=578.91, h_game=192.82636363636362
  Final rect: <rect(1075, 655, 579, 193)> (surf_w=579, surf_h=193)

Effect Slipery Layer_11:
  TMX raw: obj.x=3482.55, obj.y=2380.97, obj.width=890.909, obj.height=758.061
  Scaling: sx=0.2727272727272727, sy=0.2727272727272727, TILESIZE=150, tilewidth=550, tileheight=550
  Calculated: x_game=949.7863636363636, y_game=649.3554545454544, w_game=242.9751818181818, h_game=206.74390909090909
  Final rect: <rect(949, 649, 243, 207)> (surf_w=243, surf_h=207)

Effect Slipery Layer_12:
  TMX raw: obj.x=5674.55, obj.y=3468.97, obj.width=890.909, obj.height=758.061
  Scaling: sx=0.2727272727272727, sy=0.2727272727272727, TILESIZE=150, tilewidth=550, tileheight=550
  Calculated: x_game=1547.6045454545454, y_game=946.0827272727272, w_game=242.9751818181818, h_game=206.74390909090909
  Final rect: <rect(1547, 946, 243, 207)> (surf_w=243, surf_h=207)

Effect Slipery Layer_13:
  TMX raw: obj.x=5518.66, obj.y=2962.49, obj.width=1634.67, obj.height=699.03
  Scaling: sx=0.2727272727272727, sy=0.2727272727272727, TILESIZE=150, tilewidth=550, tileheight=550
  Calculated: x_game=1505.0890909090908, y_game=807.9518181818181, w_game=445.8190909090909, h_game=190.64454545454544
  Final rect: <rect(1505, 807, 446, 191)> (surf_w=446, surf_h=191)

Effect Slipery Layer_14:
  TMX raw: obj.x=6610.55, obj.y=2924.97, obj.width=890.909, obj.height=758.061
  Scaling: sx=0.2727272727272727, sy=0.2727272727272727, TILESIZE=150, tilewidth=550, tileheight=550
  Calculated: x_game=1802.8772727272726, y_game=797.7190909090908, w_game=242.9751818181818, h_game=206.74390909090909
  Final rect: <rect(1802, 797, 243, 207)> (surf_w=243, surf_h=207)

Effect Slipery Layer_15:
  TMX raw: obj.x=5530.55, obj.y=2356.97, obj.width=890.909, obj.height=758.061
  Scaling: sx=0.2727272727272727, sy=0.2727272727272727, TILESIZE=150, tilewidth=550, tileheight=550
  Calculated: x_game=1508.331818181818, y_game=642.81, w_game=242.9751818181818, h_game=206.74390909090909
  Final rect: <rect(1508, 642, 243, 207)> (surf_w=243, surf_h=207)

Effect Slipery Layer_16:
  TMX raw: obj.x=2226.55, obj.y=1268.97, obj.width=890.909, obj.height=758.061
  Scaling: sx=0.2727272727272727, sy=0.2727272727272727, TILESIZE=150, tilewidth=550, tileheight=550
  Calculated: x_game=607.2409090909091, y_game=346.08272727272725, w_game=242.9751818181818, h_game=206.74390909090909
  Final rect: <rect(607, 346, 243, 207)> (surf_w=243, surf_h=207)

Effect Slipery Layer_17:
  TMX raw: obj.x=1884.0, obj.y=1468.0, obj.width=132.0, obj.height=128.0
  Scaling: sx=0.2727272727272727, sy=0.2727272727272727, TILESIZE=150, tilewidth=550, tileheight=550
  Calculated: x_game=513.8181818181818, y_game=400.3636363636363, w_game=36.0, h_game=34.90909090909091
  Final rect: <rect(513, 400, 36, 35)> (surf_w=36, surf_h=35)

Effect Slipery Layer_18:
  TMX raw: obj.x=2580.0, obj.y=1172.0, obj.width=140.0, obj.height=116.0
  Scaling: sx=0.2727272727272727, sy=0.2727272727272727, TILESIZE=150, tilewidth=550, tileheight=550
  Calculated: x_game=703.6363636363636, y_game=319.6363636363636, w_game=38.18181818181818, h_game=31.636363636363633
  Final rect: <rect(703, 319, 38, 32)> (surf_w=38, surf_h=32)

Effect Slipery Layer_19:
  TMX raw: obj.x=3124.0, obj.y=1704.0, obj.width=252.0, obj.height=144.0
  Scaling: sx=0.2727272727272727, sy=0.2727272727272727, TILESIZE=150, tilewidth=550, tileheight=550
  Calculated: x_game=851.9999999999999, y_game=464.7272727272727, w_game=68.72727272727272, h_game=39.272727272727266
  Final rect: <rect(851, 464, 69, 39)> (surf_w=69, surf_h=39)

Effect Slipery Layer_20:
  TMX raw: obj.x=3320.0, obj.y=2560.0, obj.width=232.0, obj.height=152.0
  Scaling: sx=0.2727272727272727, sy=0.2727272727272727, TILESIZE=150, tilewidth=550, tileheight=550
  Calculated: x_game=905.4545454545454, y_game=698.1818181818181, w_game=63.272727272727266, h_game=41.45454545454545
  Final rect: <rect(905, 698, 63, 41)> (surf_w=63, surf_h=41)

Effect Slipery Layer_21:
  TMX raw: obj.x=2376.0, obj.y=2156.0, obj.width=172.0, obj.height=164.0
  Scaling: sx=0.2727272727272727, sy=0.2727272727272727, TILESIZE=150, tilewidth=550, tileheight=550
  Calculated: x_game=648.0, y_game=588.0, w_game=46.90909090909091, h_game=44.72727272727273
  Final rect: <rect(648, 588, 47, 45)> (surf_w=47, surf_h=45)

Effect Slipery Layer_22:
  TMX raw: obj.x=4216.0, obj.y=2236.0, obj.width=240.0, obj.height=160.0
  Scaling: sx=0.2727272727272727, sy=0.2727272727272727, TILESIZE=150, tilewidth=550, tileheight=550
  Calculated: x_game=1149.8181818181818, y_game=609.8181818181818, w_game=65.45454545454545, h_game=43.63636363636363
  Final rect: <rect(1149, 609, 65, 44)> (surf_w=65, surf_h=44)

Effect Slipery Layer_23:
  TMX raw: obj.x=5212.0, obj.y=3120.0, obj.width=228.0, obj.height=204.0
  Scaling: sx=0.2727272727272727, sy=0.2727272727272727, TILESIZE=150, tilewidth=550, tileheight=550
  Calculated: x_game=1421.4545454545453, y_game=850.9090909090909, w_game=62.18181818181818, h_game=55.63636363636363
  Final rect: <rect(1421, 850, 62, 56)> (surf_w=62, surf_h=56)

Effect Slipery Layer_24:
  TMX raw: obj.x=6424.0, obj.y=2816.0, obj.width=336.0, obj.height=148.0
  Scaling: sx=0.2727272727272727, sy=0.2727272727272727, TILESIZE=150, tilewidth=550, tileheight=550
  Calculated: x_game=1751.9999999999998, y_game=768.0, w_game=91.63636363636363, h_game=40.36363636363636
  Final rect: <rect(1751, 768, 92, 40)> (surf_w=92, surf_h=40)

Effect Slipery Layer_25:
  TMX raw: obj.x=5724.0, obj.y=3676.0, obj.width=160.0, obj.height=116.0
  Scaling: sx=0.2727272727272727, sy=0.2727272727272727, TILESIZE=150, tilewidth=550, tileheight=550
  Calculated: x_game=1561.090909090909, y_game=1002.5454545454545, w_game=43.63636363636363, h_game=31.636363636363633
  Final rect: <rect(1561, 1002, 44, 32)> (surf_w=44, surf_h=32)

Effect Slipery Layer_26:
  TMX raw: obj.x=7520.0, obj.y=3332.0, obj.width=268.0, obj.height=164.0
  Scaling: sx=0.2727272727272727, sy=0.2727272727272727, TILESIZE=150, tilewidth=550, tileheight=550
  Calculated: x_game=2050.9090909090905, y_game=908.7272727272726, w_game=73.09090909090908, h_game=44.72727272727273
  Final rect: <rect(2050, 908, 73, 45)> (surf_w=73, surf_h=45)

Effect Slipery Layer_27:
  TMX raw: obj.x=6398.66, obj.y=4802.49, obj.width=6066.67, obj.height=3243.03
  Scaling: sx=0.2727272727272727, sy=0.2727272727272727, TILESIZE=150, tilewidth=550, tileheight=550
  Calculated: x_game=1745.0890909090908, y_game=1309.7699999999998, w_game=1654.5463636363636, h_game=884.4627272727273
  Final rect: <rect(1745, 1309, 1655, 884)> (surf_w=1655, surf_h=884)

Effect Slipery Layer_28:
  TMX raw: obj.x=10142.7, obj.y=8034.49, obj.width=2818.67, obj.height=2923.03
  Scaling: sx=0.2727272727272727, sy=0.2727272727272727, TILESIZE=150, tilewidth=550, tileheight=550
  Calculated: x_game=2766.190909090909, y_game=2191.224545454545, w_game=768.7281818181817, h_game=797.1899999999999
  Final rect: <rect(2766, 2191, 769, 797)> (surf_w=769, surf_h=797)

Effect Slipery Layer_29:
  TMX raw: obj.x=9326.67, obj.y=5482.49, obj.width=3682.67, obj.height=3675.03
  Scaling: sx=0.2727272727272727, sy=0.2727272727272727, TILESIZE=150, tilewidth=550, tileheight=550
  Calculated: x_game=2543.6372727272724, y_game=1495.2245454545453, w_game=1004.3645454545454, h_game=1002.2809090909091
  Final rect: <rect(2543, 1495, 1004, 1002)> (surf_w=1004, surf_h=1002)

Effect Slipery Layer_30:
  TMX raw: obj.x=7918.67, obj.y=5418.49, obj.width=2818.67, obj.height=2923.03
  Scaling: sx=0.2727272727272727, sy=0.2727272727272727, TILESIZE=150, tilewidth=550, tileheight=550
  Calculated: x_game=2159.6372727272724, y_game=1477.7699999999998, w_game=768.7281818181817, h_game=797.1899999999999
  Final rect: <rect(2159, 1477, 769, 797)> (surf_w=769, surf_h=797)

Effect Slipery Layer_0:
  TMX raw: obj.x=2762.91, obj.y=1852.12, obj.width=1050.67, obj.height=699.03
  Scaling: sx=0.2727272727272727, sy=0.2727272727272727, TILESIZE=150, tilewidth=550, tileheight=550
  Calculated: x_game=753.520909090909, y_game=505.1236363636363, w_game=286.54636363636365, h_game=190.64454545454544
  Final rect: <rect(753, 505, 287, 191)> (surf_w=287, surf_h=191)
  Mask pixel count: 54817, Expected ellipse area: 54817.0
  Mask size: (287, 191)

Effect Slipery Layer_1:
  TMX raw: obj.x=1281.94, obj.y=726.182, obj.width=890.909, obj.height=758.061
  Scaling: sx=0.2727272727272727, sy=0.2727272727272727, TILESIZE=150, tilewidth=550, tileheight=550
  Calculated: x_game=349.62, y_game=198.04963636363635, w_game=242.9751818181818, h_game=206.74390909090909
  Final rect: <rect(349, 198, 243, 207)> (surf_w=243, surf_h=207)
  Mask pixel count: 39473, Expected ellipse area: 39506.3
  Mask size: (243, 207)

Effect Slipery Layer_2:
  TMX raw: obj.x=1680.0, obj.y=732.242, obj.width=890.909, obj.height=758.061
  Scaling: sx=0.2727272727272727, sy=0.2727272727272727, TILESIZE=150, tilewidth=550, tileheight=550
  Calculated: x_game=458.18181818181813, y_game=199.7023636363636, w_game=242.9751818181818, h_game=206.74390909090909
  Final rect: <rect(458, 199, 243, 207)> (surf_w=243, surf_h=207)
  Mask pixel count: 39473, Expected ellipse area: 39506.3
  Mask size: (243, 207)

Effect Slipery Layer_3:
  TMX raw: obj.x=1584.73, obj.y=1669.45, obj.width=103.03031, obj.height=84.8485
  Scaling: sx=0.2727272727272727, sy=0.2727272727272727, TILESIZE=150, tilewidth=550, tileheight=550
  Calculated: x_game=432.1990909090909, y_game=455.3045454545454, w_game=28.099175454545453, h_game=23.1405
  Final rect: <rect(432, 455, 28, 23)> (surf_w=28, surf_h=23)
  Mask pixel count: 0, Expected ellipse area: 644.0
  Mask size: (28, 23)

Effect Slipery Layer_4:
  TMX raw: obj.x=1716.48, obj.y=2136.36, obj.width=103.03031, obj.height=84.8485
  Scaling: sx=0.2727272727272727, sy=0.2727272727272727, TILESIZE=150, tilewidth=550, tileheight=550
  Calculated: x_game=468.1309090909091, y_game=582.6436363636363, w_game=28.099175454545453, h_game=23.1405
  Final rect: <rect(468, 582, 28, 23)> (surf_w=28, surf_h=23)
  Mask pixel count: 0, Expected ellipse area: 644.0
  Mask size: (28, 23)

Effect Slipery Layer_5:
  TMX raw: obj.x=2386.55, obj.y=1828.97, obj.width=890.909, obj.height=758.061
  Scaling: sx=0.2727272727272727, sy=0.2727272727272727, TILESIZE=150, tilewidth=550, tileheight=550
  Calculated: x_game=650.8772727272727, y_game=498.80999999999995, w_game=242.9751818181818, h_game=206.74390909090909
  Final rect: <rect(650, 498, 243, 207)> (surf_w=243, surf_h=207)
  Mask pixel count: 39473, Expected ellipse area: 39506.3
  Mask size: (243, 207)

Effect Slipery Layer_6:
  TMX raw: obj.x=1834.55, obj.y=1268.97, obj.width=890.909, obj.height=758.061
  Scaling: sx=0.2727272727272727, sy=0.2727272727272727, TILESIZE=150, tilewidth=550, tileheight=550
  Calculated: x_game=500.3318181818181, y_game=346.08272727272725, w_game=242.9751818181818, h_game=206.74390909090909
  Final rect: <rect(500, 346, 243, 207)> (surf_w=243, surf_h=207)
  Mask pixel count: 39473, Expected ellipse area: 39506.3
  Mask size: (243, 207)

Effect Slipery Layer_7:
  TMX raw: obj.x=3322.55, obj.y=1820.97, obj.width=890.909, obj.height=758.061
  Scaling: sx=0.2727272727272727, sy=0.2727272727272727, TILESIZE=150, tilewidth=550, tileheight=550
  Calculated: x_game=906.15, y_game=496.6281818181818, w_game=242.9751818181818, h_game=206.74390909090909
  Final rect: <rect(906, 496, 243, 207)> (surf_w=243, surf_h=207)
  Mask pixel count: 39473, Expected ellipse area: 39506.3
  Mask size: (243, 207)

Effect Slipery Layer_8:
  TMX raw: obj.x=5146.55, obj.y=2932.97, obj.width=890.909, obj.height=758.061
  Scaling: sx=0.2727272727272727, sy=0.2727272727272727, TILESIZE=150, tilewidth=550, tileheight=550
  Calculated: x_game=1403.6045454545454, y_game=799.900909090909, w_game=242.9751818181818, h_game=206.74390909090909
  Final rect: <rect(1403, 799, 243, 207)> (surf_w=243, surf_h=207)
  Mask pixel count: 39473, Expected ellipse area: 39506.3
  Mask size: (243, 207)

Effect Slipery Layer_9:
  TMX raw: obj.x=6210.66, obj.y=3498.49, obj.width=1634.67, obj.height=699.03
  Scaling: sx=0.2727272727272727, sy=0.2727272727272727, TILESIZE=150, tilewidth=550, tileheight=550
  Calculated: x_game=1693.8163636363636, y_game=954.1336363636362, w_game=445.8190909090909, h_game=190.64454545454544
  Final rect: <rect(1693, 954, 446, 191)> (surf_w=446, surf_h=191)
  Mask pixel count: 85186, Expected ellipse area: 85186.0
  Mask size: (446, 191)

Effect Slipery Layer_10:
  TMX raw: obj.x=3942.66, obj.y=2402.49, obj.width=2122.67, obj.height=707.03
  Scaling: sx=0.2727272727272727, sy=0.2727272727272727, TILESIZE=150, tilewidth=550, tileheight=550
  Calculated: x_game=1075.270909090909, y_game=655.2245454545454, w_game=578.91, h_game=192.82636363636362
  Final rect: <rect(1075, 655, 579, 193)> (surf_w=579, surf_h=193)
  Mask pixel count: 111747, Expected ellipse area: 111747.0
  Mask size: (579, 193)

Effect Slipery Layer_11:
  TMX raw: obj.x=3482.55, obj.y=2380.97, obj.width=890.909, obj.height=758.061
  Scaling: sx=0.2727272727272727, sy=0.2727272727272727, TILESIZE=150, tilewidth=550, tileheight=550
  Calculated: x_game=949.7863636363636, y_game=649.3554545454544, w_game=242.9751818181818, h_game=206.74390909090909
  Final rect: <rect(949, 649, 243, 207)> (surf_w=243, surf_h=207)
  Mask pixel count: 39473, Expected ellipse area: 39506.3
  Mask size: (243, 207)

Effect Slipery Layer_12:
  TMX raw: obj.x=5674.55, obj.y=3468.97, obj.width=890.909, obj.height=758.061
  Scaling: sx=0.2727272727272727, sy=0.2727272727272727, TILESIZE=150, tilewidth=550, tileheight=550
  Calculated: x_game=1547.6045454545454, y_game=946.0827272727272, w_game=242.9751818181818, h_game=206.74390909090909
  Final rect: <rect(1547, 946, 243, 207)> (surf_w=243, surf_h=207)
  Mask pixel count: 39473, Expected ellipse area: 39506.3
  Mask size: (243, 207)

Effect Slipery Layer_13:
  TMX raw: obj.x=5518.66, obj.y=2962.49, obj.width=1634.67, obj.height=699.03
  Scaling: sx=0.2727272727272727, sy=0.2727272727272727, TILESIZE=150, tilewidth=550, tileheight=550
  Calculated: x_game=1505.0890909090908, y_game=807.9518181818181, w_game=445.8190909090909, h_game=190.64454545454544
  Final rect: <rect(1505, 807, 446, 191)> (surf_w=446, surf_h=191)
  Mask pixel count: 85186, Expected ellipse area: 85186.0
  Mask size: (446, 191)

Effect Slipery Layer_14:
  TMX raw: obj.x=6610.55, obj.y=2924.97, obj.width=890.909, obj.height=758.061
  Scaling: sx=0.2727272727272727, sy=0.2727272727272727, TILESIZE=150, tilewidth=550, tileheight=550
  Calculated: x_game=1802.8772727272726, y_game=797.7190909090908, w_game=242.9751818181818, h_game=206.74390909090909
  Final rect: <rect(1802, 797, 243, 207)> (surf_w=243, surf_h=207)
  Mask pixel count: 39473, Expected ellipse area: 39506.3
  Mask size: (243, 207)

Effect Slipery Layer_15:
  TMX raw: obj.x=5530.55, obj.y=2356.97, obj.width=890.909, obj.height=758.061
  Scaling: sx=0.2727272727272727, sy=0.2727272727272727, TILESIZE=150, tilewidth=550, tileheight=550
  Calculated: x_game=1508.331818181818, y_game=642.81, w_game=242.9751818181818, h_game=206.74390909090909
  Final rect: <rect(1508, 642, 243, 207)> (surf_w=243, surf_h=207)
  Mask pixel count: 39473, Expected ellipse area: 39506.3
  Mask size: (243, 207)

Effect Slipery Layer_16:
  TMX raw: obj.x=2226.55, obj.y=1268.97, obj.width=890.909, obj.height=758.061
  Scaling: sx=0.2727272727272727, sy=0.2727272727272727, TILESIZE=150, tilewidth=550, tileheight=550
  Calculated: x_game=607.2409090909091, y_game=346.08272727272725, w_game=242.9751818181818, h_game=206.74390909090909
  Final rect: <rect(607, 346, 243, 207)> (surf_w=243, surf_h=207)
  Mask pixel count: 39473, Expected ellipse area: 39506.3
  Mask size: (243, 207)

Effect Slipery Layer_17:
  TMX raw: obj.x=1884.0, obj.y=1468.0, obj.width=132.0, obj.height=128.0
  Scaling: sx=0.2727272727272727, sy=0.2727272727272727, TILESIZE=150, tilewidth=550, tileheight=550
  Calculated: x_game=513.8181818181818, y_game=400.3636363636363, w_game=36.0, h_game=34.90909090909091
  Final rect: <rect(513, 400, 36, 35)> (surf_w=36, surf_h=35)
  Mask pixel count: 0, Expected ellipse area: 1260.0
  Mask size: (36, 35)

Effect Slipery Layer_18:
  TMX raw: obj.x=2580.0, obj.y=1172.0, obj.width=140.0, obj.height=116.0
  Scaling: sx=0.2727272727272727, sy=0.2727272727272727, TILESIZE=150, tilewidth=550, tileheight=550
  Calculated: x_game=703.6363636363636, y_game=319.6363636363636, w_game=38.18181818181818, h_game=31.636363636363633
  Final rect: <rect(703, 319, 38, 32)> (surf_w=38, surf_h=32)
  Mask pixel count: 0, Expected ellipse area: 1216.0
  Mask size: (38, 32)

Effect Slipery Layer_19:
  TMX raw: obj.x=3124.0, obj.y=1704.0, obj.width=252.0, obj.height=144.0
  Scaling: sx=0.2727272727272727, sy=0.2727272727272727, TILESIZE=150, tilewidth=550, tileheight=550
  Calculated: x_game=851.9999999999999, y_game=464.7272727272727, w_game=68.72727272727272, h_game=39.272727272727266
  Final rect: <rect(851, 464, 69, 39)> (surf_w=69, surf_h=39)
  Mask pixel count: 0, Expected ellipse area: 2691.0
  Mask size: (69, 39)

Effect Slipery Layer_20:
  TMX raw: obj.x=3320.0, obj.y=2560.0, obj.width=232.0, obj.height=152.0
  Scaling: sx=0.2727272727272727, sy=0.2727272727272727, TILESIZE=150, tilewidth=550, tileheight=550
  Calculated: x_game=905.4545454545454, y_game=698.1818181818181, w_game=63.272727272727266, h_game=41.45454545454545
  Final rect: <rect(905, 698, 63, 41)> (surf_w=63, surf_h=41)
  Mask pixel count: 0, Expected ellipse area: 2583.0
  Mask size: (63, 41)

Effect Slipery Layer_21:
  TMX raw: obj.x=2376.0, obj.y=2156.0, obj.width=172.0, obj.height=164.0
  Scaling: sx=0.2727272727272727, sy=0.2727272727272727, TILESIZE=150, tilewidth=550, tileheight=550
  Calculated: x_game=648.0, y_game=588.0, w_game=46.90909090909091, h_game=44.72727272727273
  Final rect: <rect(648, 588, 47, 45)> (surf_w=47, surf_h=45)
  Mask pixel count: 0, Expected ellipse area: 2115.0
  Mask size: (47, 45)

Effect Slipery Layer_22:
  TMX raw: obj.x=4216.0, obj.y=2236.0, obj.width=240.0, obj.height=160.0
  Scaling: sx=0.2727272727272727, sy=0.2727272727272727, TILESIZE=150, tilewidth=550, tileheight=550
  Calculated: x_game=1149.8181818181818, y_game=609.8181818181818, w_game=65.45454545454545, h_game=43.63636363636363
  Final rect: <rect(1149, 609, 65, 44)> (surf_w=65, surf_h=44)
  Mask pixel count: 0, Expected ellipse area: 2860.0
  Mask size: (65, 44)

Effect Slipery Layer_23:
  TMX raw: obj.x=5212.0, obj.y=3120.0, obj.width=228.0, obj.height=204.0
  Scaling: sx=0.2727272727272727, sy=0.2727272727272727, TILESIZE=150, tilewidth=550, tileheight=550
  Calculated: x_game=1421.4545454545453, y_game=850.9090909090909, w_game=62.18181818181818, h_game=55.63636363636363
  Final rect: <rect(1421, 850, 62, 56)> (surf_w=62, surf_h=56)
  Mask pixel count: 0, Expected ellipse area: 3472.0
  Mask size: (62, 56)

Effect Slipery Layer_24:
  TMX raw: obj.x=6424.0, obj.y=2816.0, obj.width=336.0, obj.height=148.0
  Scaling: sx=0.2727272727272727, sy=0.2727272727272727, TILESIZE=150, tilewidth=550, tileheight=550
  Calculated: x_game=1751.9999999999998, y_game=768.0, w_game=91.63636363636363, h_game=40.36363636363636
  Final rect: <rect(1751, 768, 92, 40)> (surf_w=92, surf_h=40)
  Mask pixel count: 0, Expected ellipse area: 3680.0
  Mask size: (92, 40)

Effect Slipery Layer_25:
  TMX raw: obj.x=5724.0, obj.y=3676.0, obj.width=160.0, obj.height=116.0
  Scaling: sx=0.2727272727272727, sy=0.2727272727272727, TILESIZE=150, tilewidth=550, tileheight=550
  Calculated: x_game=1561.090909090909, y_game=1002.5454545454545, w_game=43.63636363636363, h_game=31.636363636363633
  Final rect: <rect(1561, 1002, 44, 32)> (surf_w=44, surf_h=32)
  Mask pixel count: 0, Expected ellipse area: 1408.0
  Mask size: (44, 32)

Effect Slipery Layer_26:
  TMX raw: obj.x=7520.0, obj.y=3332.0, obj.width=268.0, obj.height=164.0
  Scaling: sx=0.2727272727272727, sy=0.2727272727272727, TILESIZE=150, tilewidth=550, tileheight=550
  Calculated: x_game=2050.9090909090905, y_game=908.7272727272726, w_game=73.09090909090908, h_game=44.72727272727273
  Final rect: <rect(2050, 908, 73, 45)> (surf_w=73, surf_h=45)
  Mask pixel count: 0, Expected ellipse area: 3285.0
  Mask size: (73, 45)

Effect Slipery Layer_27:
  TMX raw: obj.x=6398.66, obj.y=4802.49, obj.width=6066.67, obj.height=3243.03
  Scaling: sx=0.2727272727272727, sy=0.2727272727272727, TILESIZE=150, tilewidth=550, tileheight=550
  Calculated: x_game=1745.0890909090908, y_game=1309.7699999999998, w_game=1654.5463636363636, h_game=884.4627272727273
  Final rect: <rect(1745, 1309, 1655, 884)> (surf_w=1655, surf_h=884)
  Mask pixel count: 1463020, Expected ellipse area: 1463020.0
  Mask size: (1655, 884)

Effect Slipery Layer_28:
  TMX raw: obj.x=10142.7, obj.y=8034.49, obj.width=2818.67, obj.height=2923.03
  Scaling: sx=0.2727272727272727, sy=0.2727272727272727, TILESIZE=150, tilewidth=550, tileheight=550
  Calculated: x_game=2766.190909090909, y_game=2191.224545454545, w_game=768.7281818181817, h_game=797.1899999999999
  Final rect: <rect(2766, 2191, 769, 797)> (surf_w=769, surf_h=797)
  Mask pixel count: 612893, Expected ellipse area: 612893.0
  Mask size: (769, 797)

Effect Slipery Layer_29:
  TMX raw: obj.x=9326.67, obj.y=5482.49, obj.width=3682.67, obj.height=3675.03
  Scaling: sx=0.2727272727272727, sy=0.2727272727272727, TILESIZE=150, tilewidth=550, tileheight=550
  Calculated: x_game=2543.6372727272724, y_game=1495.2245454545453, w_game=1004.3645454545454, h_game=1002.2809090909091
  Final rect: <rect(2543, 1495, 1004, 1002)> (surf_w=1004, surf_h=1002)
  Mask pixel count: 1006008, Expected ellipse area: 1006008.0
  Mask size: (1004, 1002)

Effect Slipery Layer_30:
  TMX raw: obj.x=7918.67, obj.y=5418.49, obj.width=2818.67, obj.height=2923.03
  Scaling: sx=0.2727272727272727, sy=0.2727272727272727, TILESIZE=150, tilewidth=550, tileheight=550
  Calculated: x_game=2159.6372727272724, y_game=1477.7699999999998, w_game=768.7281818181817, h_game=797.1899999999999
  Final rect: <rect(2159, 1477, 769, 797)> (surf_w=769, surf_h=797)
  Mask pixel count: 612893, Expected ellipse area: 612893.0
  Mask size: (769, 797)

Effect Slipery Layer_0:
  TMX raw: obj.x=2762.91, obj.y=1852.12, obj.width=1050.67, obj.height=699.03
  Scaling: sx=0.2727272727272727, sy=0.2727272727272727, TILESIZE=150, tilewidth=550, tileheight=550
  Calculated: x_game=753.520909090909, y_game=505.1236363636363, w_game=286.54636363636365, h_game=190.64454545454544
  Final rect: <rect(753, 505, 287, 191)> (surf_w=287, surf_h=191)
  Mask pixel count: 54817, Expected ellipse area: 54817.0
  Mask size: (287, 191)

Effect Slipery Layer_1:
  TMX raw: obj.x=1281.94, obj.y=726.182, obj.width=890.909, obj.height=758.061
  Scaling: sx=0.2727272727272727, sy=0.2727272727272727, TILESIZE=150, tilewidth=550, tileheight=550
  Calculated: x_game=349.62, y_game=198.04963636363635, w_game=242.9751818181818, h_game=206.74390909090909
  Final rect: <rect(349, 198, 243, 207)> (surf_w=243, surf_h=207)
  Mask pixel count: 39473, Expected ellipse area: 39506.3
  Mask size: (243, 207)

Effect Slipery Layer_2:
  TMX raw: obj.x=1680.0, obj.y=732.242, obj.width=890.909, obj.height=758.061
  Scaling: sx=0.2727272727272727, sy=0.2727272727272727, TILESIZE=150, tilewidth=550, tileheight=550
  Calculated: x_game=458.18181818181813, y_game=199.7023636363636, w_game=242.9751818181818, h_game=206.74390909090909
  Final rect: <rect(458, 199, 243, 207)> (surf_w=243, surf_h=207)
  Mask pixel count: 39473, Expected ellipse area: 39506.3
  Mask size: (243, 207)

Effect Slipery Layer_3:
  TMX raw: obj.x=1584.73, obj.y=1669.45, obj.width=103.03031, obj.height=84.8485
  Scaling: sx=0.2727272727272727, sy=0.2727272727272727, TILESIZE=150, tilewidth=550, tileheight=550
  Calculated: x_game=432.1990909090909, y_game=455.3045454545454, w_game=28.099175454545453, h_game=23.1405
  Final rect: <rect(432, 455, 28, 23)> (surf_w=28, surf_h=23)
  Mask pixel count: 0, Expected ellipse area: 644.0
  Mask size: (28, 23)

Effect Slipery Layer_4:
  TMX raw: obj.x=1716.48, obj.y=2136.36, obj.width=103.03031, obj.height=84.8485
  Scaling: sx=0.2727272727272727, sy=0.2727272727272727, TILESIZE=150, tilewidth=550, tileheight=550
  Calculated: x_game=468.1309090909091, y_game=582.6436363636363, w_game=28.099175454545453, h_game=23.1405
  Final rect: <rect(468, 582, 28, 23)> (surf_w=28, surf_h=23)
  Mask pixel count: 0, Expected ellipse area: 644.0
  Mask size: (28, 23)

Effect Slipery Layer_5:
  TMX raw: obj.x=2386.55, obj.y=1828.97, obj.width=890.909, obj.height=758.061
  Scaling: sx=0.2727272727272727, sy=0.2727272727272727, TILESIZE=150, tilewidth=550, tileheight=550
  Calculated: x_game=650.8772727272727, y_game=498.80999999999995, w_game=242.9751818181818, h_game=206.74390909090909
  Final rect: <rect(650, 498, 243, 207)> (surf_w=243, surf_h=207)
  Mask pixel count: 39473, Expected ellipse area: 39506.3
  Mask size: (243, 207)

Effect Slipery Layer_6:
  TMX raw: obj.x=1834.55, obj.y=1268.97, obj.width=890.909, obj.height=758.061
  Scaling: sx=0.2727272727272727, sy=0.2727272727272727, TILESIZE=150, tilewidth=550, tileheight=550
  Calculated: x_game=500.3318181818181, y_game=346.08272727272725, w_game=242.9751818181818, h_game=206.74390909090909
  Final rect: <rect(500, 346, 243, 207)> (surf_w=243, surf_h=207)
  Mask pixel count: 39473, Expected ellipse area: 39506.3
  Mask size: (243, 207)

Effect Slipery Layer_7:
  TMX raw: obj.x=3322.55, obj.y=1820.97, obj.width=890.909, obj.height=758.061
  Scaling: sx=0.2727272727272727, sy=0.2727272727272727, TILESIZE=150, tilewidth=550, tileheight=550
  Calculated: x_game=906.15, y_game=496.6281818181818, w_game=242.9751818181818, h_game=206.74390909090909
  Final rect: <rect(906, 496, 243, 207)> (surf_w=243, surf_h=207)
  Mask pixel count: 39473, Expected ellipse area: 39506.3
  Mask size: (243, 207)

Effect Slipery Layer_8:
  TMX raw: obj.x=5146.55, obj.y=2932.97, obj.width=890.909, obj.height=758.061
  Scaling: sx=0.2727272727272727, sy=0.2727272727272727, TILESIZE=150, tilewidth=550, tileheight=550
  Calculated: x_game=1403.6045454545454, y_game=799.900909090909, w_game=242.9751818181818, h_game=206.74390909090909
  Final rect: <rect(1403, 799, 243, 207)> (surf_w=243, surf_h=207)
  Mask pixel count: 39473, Expected ellipse area: 39506.3
  Mask size: (243, 207)

Effect Slipery Layer_9:
  TMX raw: obj.x=6210.66, obj.y=3498.49, obj.width=1634.67, obj.height=699.03
  Scaling: sx=0.2727272727272727, sy=0.2727272727272727, TILESIZE=150, tilewidth=550, tileheight=550
  Calculated: x_game=1693.8163636363636, y_game=954.1336363636362, w_game=445.8190909090909, h_game=190.64454545454544
  Final rect: <rect(1693, 954, 446, 191)> (surf_w=446, surf_h=191)
  Mask pixel count: 85186, Expected ellipse area: 85186.0
  Mask size: (446, 191)

Effect Slipery Layer_10:
  TMX raw: obj.x=3942.66, obj.y=2402.49, obj.width=2122.67, obj.height=707.03
  Scaling: sx=0.2727272727272727, sy=0.2727272727272727, TILESIZE=150, tilewidth=550, tileheight=550
  Calculated: x_game=1075.270909090909, y_game=655.2245454545454, w_game=578.91, h_game=192.82636363636362
  Final rect: <rect(1075, 655, 579, 193)> (surf_w=579, surf_h=193)
  Mask pixel count: 111747, Expected ellipse area: 111747.0
  Mask size: (579, 193)

Effect Slipery Layer_11:
  TMX raw: obj.x=3482.55, obj.y=2380.97, obj.width=890.909, obj.height=758.061
  Scaling: sx=0.2727272727272727, sy=0.2727272727272727, TILESIZE=150, tilewidth=550, tileheight=550
  Calculated: x_game=949.7863636363636, y_game=649.3554545454544, w_game=242.9751818181818, h_game=206.74390909090909
  Final rect: <rect(949, 649, 243, 207)> (surf_w=243, surf_h=207)
  Mask pixel count: 39473, Expected ellipse area: 39506.3
  Mask size: (243, 207)

Effect Slipery Layer_12:
  TMX raw: obj.x=5674.55, obj.y=3468.97, obj.width=890.909, obj.height=758.061
  Scaling: sx=0.2727272727272727, sy=0.2727272727272727, TILESIZE=150, tilewidth=550, tileheight=550
  Calculated: x_game=1547.6045454545454, y_game=946.0827272727272, w_game=242.9751818181818, h_game=206.74390909090909
  Final rect: <rect(1547, 946, 243, 207)> (surf_w=243, surf_h=207)
  Mask pixel count: 39473, Expected ellipse area: 39506.3
  Mask size: (243, 207)

Effect Slipery Layer_13:
  TMX raw: obj.x=5518.66, obj.y=2962.49, obj.width=1634.67, obj.height=699.03
  Scaling: sx=0.2727272727272727, sy=0.2727272727272727, TILESIZE=150, tilewidth=550, tileheight=550
  Calculated: x_game=1505.0890909090908, y_game=807.9518181818181, w_game=445.8190909090909, h_game=190.64454545454544
  Final rect: <rect(1505, 807, 446, 191)> (surf_w=446, surf_h=191)
  Mask pixel count: 85186, Expected ellipse area: 85186.0
  Mask size: (446, 191)

Effect Slipery Layer_14:
  TMX raw: obj.x=6610.55, obj.y=2924.97, obj.width=890.909, obj.height=758.061
  Scaling: sx=0.2727272727272727, sy=0.2727272727272727, TILESIZE=150, tilewidth=550, tileheight=550
  Calculated: x_game=1802.8772727272726, y_game=797.7190909090908, w_game=242.9751818181818, h_game=206.74390909090909
  Final rect: <rect(1802, 797, 243, 207)> (surf_w=243, surf_h=207)
  Mask pixel count: 39473, Expected ellipse area: 39506.3
  Mask size: (243, 207)

Effect Slipery Layer_15:
  TMX raw: obj.x=5530.55, obj.y=2356.97, obj.width=890.909, obj.height=758.061
  Scaling: sx=0.2727272727272727, sy=0.2727272727272727, TILESIZE=150, tilewidth=550, tileheight=550
  Calculated: x_game=1508.331818181818, y_game=642.81, w_game=242.9751818181818, h_game=206.74390909090909
  Final rect: <rect(1508, 642, 243, 207)> (surf_w=243, surf_h=207)
  Mask pixel count: 39473, Expected ellipse area: 39506.3
  Mask size: (243, 207)

Effect Slipery Layer_16:
  TMX raw: obj.x=2226.55, obj.y=1268.97, obj.width=890.909, obj.height=758.061
  Scaling: sx=0.2727272727272727, sy=0.2727272727272727, TILESIZE=150, tilewidth=550, tileheight=550
  Calculated: x_game=607.2409090909091, y_game=346.08272727272725, w_game=242.9751818181818, h_game=206.74390909090909
  Final rect: <rect(607, 346, 243, 207)> (surf_w=243, surf_h=207)
  Mask pixel count: 39473, Expected ellipse area: 39506.3
  Mask size: (243, 207)

Effect Slipery Layer_17:
  TMX raw: obj.x=1884.0, obj.y=1468.0, obj.width=132.0, obj.height=128.0
  Scaling: sx=0.2727272727272727, sy=0.2727272727272727, TILESIZE=150, tilewidth=550, tileheight=550
  Calculated: x_game=513.8181818181818, y_game=400.3636363636363, w_game=36.0, h_game=34.90909090909091
  Final rect: <rect(513, 400, 36, 35)> (surf_w=36, surf_h=35)
  Mask pixel count: 0, Expected ellipse area: 1260.0
  Mask size: (36, 35)

Effect Slipery Layer_18:
  TMX raw: obj.x=2580.0, obj.y=1172.0, obj.width=140.0, obj.height=116.0
  Scaling: sx=0.2727272727272727, sy=0.2727272727272727, TILESIZE=150, tilewidth=550, tileheight=550
  Calculated: x_game=703.6363636363636, y_game=319.6363636363636, w_game=38.18181818181818, h_game=31.636363636363633
  Final rect: <rect(703, 319, 38, 32)> (surf_w=38, surf_h=32)
  Mask pixel count: 0, Expected ellipse area: 1216.0
  Mask size: (38, 32)

Effect Slipery Layer_19:
  TMX raw: obj.x=3124.0, obj.y=1704.0, obj.width=252.0, obj.height=144.0
  Scaling: sx=0.2727272727272727, sy=0.2727272727272727, TILESIZE=150, tilewidth=550, tileheight=550
  Calculated: x_game=851.9999999999999, y_game=464.7272727272727, w_game=68.72727272727272, h_game=39.272727272727266
  Final rect: <rect(851, 464, 69, 39)> (surf_w=69, surf_h=39)
  Mask pixel count: 0, Expected ellipse area: 2691.0
  Mask size: (69, 39)

Effect Slipery Layer_20:
  TMX raw: obj.x=3320.0, obj.y=2560.0, obj.width=232.0, obj.height=152.0
  Scaling: sx=0.2727272727272727, sy=0.2727272727272727, TILESIZE=150, tilewidth=550, tileheight=550
  Calculated: x_game=905.4545454545454, y_game=698.1818181818181, w_game=63.272727272727266, h_game=41.45454545454545
  Final rect: <rect(905, 698, 63, 41)> (surf_w=63, surf_h=41)
  Mask pixel count: 0, Expected ellipse area: 2583.0
  Mask size: (63, 41)

Effect Slipery Layer_21:
  TMX raw: obj.x=2376.0, obj.y=2156.0, obj.width=172.0, obj.height=164.0
  Scaling: sx=0.2727272727272727, sy=0.2727272727272727, TILESIZE=150, tilewidth=550, tileheight=550
  Calculated: x_game=648.0, y_game=588.0, w_game=46.90909090909091, h_game=44.72727272727273
  Final rect: <rect(648, 588, 47, 45)> (surf_w=47, surf_h=45)
  Mask pixel count: 0, Expected ellipse area: 2115.0
  Mask size: (47, 45)

Effect Slipery Layer_22:
  TMX raw: obj.x=4216.0, obj.y=2236.0, obj.width=240.0, obj.height=160.0
  Scaling: sx=0.2727272727272727, sy=0.2727272727272727, TILESIZE=150, tilewidth=550, tileheight=550
  Calculated: x_game=1149.8181818181818, y_game=609.8181818181818, w_game=65.45454545454545, h_game=43.63636363636363
  Final rect: <rect(1149, 609, 65, 44)> (surf_w=65, surf_h=44)
  Mask pixel count: 0, Expected ellipse area: 2860.0
  Mask size: (65, 44)

Effect Slipery Layer_23:
  TMX raw: obj.x=5212.0, obj.y=3120.0, obj.width=228.0, obj.height=204.0
  Scaling: sx=0.2727272727272727, sy=0.2727272727272727, TILESIZE=150, tilewidth=550, tileheight=550
  Calculated: x_game=1421.4545454545453, y_game=850.9090909090909, w_game=62.18181818181818, h_game=55.63636363636363
  Final rect: <rect(1421, 850, 62, 56)> (surf_w=62, surf_h=56)
  Mask pixel count: 0, Expected ellipse area: 3472.0
  Mask size: (62, 56)

Effect Slipery Layer_24:
  TMX raw: obj.x=6424.0, obj.y=2816.0, obj.width=336.0, obj.height=148.0
  Scaling: sx=0.2727272727272727, sy=0.2727272727272727, TILESIZE=150, tilewidth=550, tileheight=550
  Calculated: x_game=1751.9999999999998, y_game=768.0, w_game=91.63636363636363, h_game=40.36363636363636
  Final rect: <rect(1751, 768, 92, 40)> (surf_w=92, surf_h=40)
  Mask pixel count: 0, Expected ellipse area: 3680.0
  Mask size: (92, 40)

Effect Slipery Layer_25:
  TMX raw: obj.x=5724.0, obj.y=3676.0, obj.width=160.0, obj.height=116.0
  Scaling: sx=0.2727272727272727, sy=0.2727272727272727, TILESIZE=150, tilewidth=550, tileheight=550
  Calculated: x_game=1561.090909090909, y_game=1002.5454545454545, w_game=43.63636363636363, h_game=31.636363636363633
  Final rect: <rect(1561, 1002, 44, 32)> (surf_w=44, surf_h=32)
  Mask pixel count: 0, Expected ellipse area: 1408.0
  Mask size: (44, 32)

Effect Slipery Layer_26:
  TMX raw: obj.x=7520.0, obj.y=3332.0, obj.width=268.0, obj.height=164.0
  Scaling: sx=0.2727272727272727, sy=0.2727272727272727, TILESIZE=150, tilewidth=550, tileheight=550
  Calculated: x_game=2050.9090909090905, y_game=908.7272727272726, w_game=73.09090909090908, h_game=44.72727272727273
  Final rect: <rect(2050, 908, 73, 45)> (surf_w=73, surf_h=45)
  Mask pixel count: 0, Expected ellipse area: 3285.0
  Mask size: (73, 45)

Effect Slipery Layer_27:
  TMX raw: obj.x=6398.66, obj.y=4802.49, obj.width=6066.67, obj.height=3243.03
  Scaling: sx=0.2727272727272727, sy=0.2727272727272727, TILESIZE=150, tilewidth=550, tileheight=550
  Calculated: x_game=1745.0890909090908, y_game=1309.7699999999998, w_game=1654.5463636363636, h_game=884.4627272727273
  Final rect: <rect(1745, 1309, 1655, 884)> (surf_w=1655, surf_h=884)
  Mask pixel count: 1463020, Expected ellipse area: 1463020.0
  Mask size: (1655, 884)

Effect Slipery Layer_28:
  TMX raw: obj.x=10142.7, obj.y=8034.49, obj.width=2818.67, obj.height=2923.03
  Scaling: sx=0.2727272727272727, sy=0.2727272727272727, TILESIZE=150, tilewidth=550, tileheight=550
  Calculated: x_game=2766.190909090909, y_game=2191.224545454545, w_game=768.7281818181817, h_game=797.1899999999999
  Final rect: <rect(2766, 2191, 769, 797)> (surf_w=769, surf_h=797)
  Mask pixel count: 612893, Expected ellipse area: 612893.0
  Mask size: (769, 797)

Effect Slipery Layer_29:
  TMX raw: obj.x=9326.67, obj.y=5482.49, obj.width=3682.67, obj.height=3675.03
  Scaling: sx=0.2727272727272727, sy=0.2727272727272727, TILESIZE=150, tilewidth=550, tileheight=550
  Calculated: x_game=2543.6372727272724, y_game=1495.2245454545453, w_game=1004.3645454545454, h_game=1002.2809090909091
  Final rect: <rect(2543, 1495, 1004, 1002)> (surf_w=1004, surf_h=1002)
  Mask pixel count: 1006008, Expected ellipse area: 1006008.0
  Mask size: (1004, 1002)

Effect Slipery Layer_30:
  TMX raw: obj.x=7918.67, obj.y=5418.49, obj.width=2818.67, obj.height=2923.03
  Scaling: sx=0.2727272727272727, sy=0.2727272727272727, TILESIZE=150, tilewidth=550, tileheight=550
  Calculated: x_game=2159.6372727272724, y_game=1477.7699999999998, w_game=768.7281818181817, h_game=797.1899999999999
  Final rect: <rect(2159, 1477, 769, 797)> (surf_w=769, surf_h=797)
  Mask pixel count: 612893, Expected ellipse area: 612893.0
  Mask size: (769, 797)

Effect Slipery Layer_0:
  TMX raw: obj.x=2762.91, obj.y=1852.12, obj.width=1050.67, obj.height=699.03
  Scaling: sx=0.2727272727272727, sy=0.2727272727272727, TILESIZE=150, tilewidth=550, tileheight=550
  Calculated: x_game=753.520909090909, y_game=505.1236363636363, w_game=286.54636363636365, h_game=190.64454545454544
  Final rect: <rect(753, 505, 287, 191)> (surf_w=287, surf_h=191)
  Mask pixel count: 54817, Expected ellipse area: 54817.0
  Mask size: (287, 191)

Effect Slipery Layer_1:
  TMX raw: obj.x=1281.94, obj.y=726.182, obj.width=890.909, obj.height=758.061
  Scaling: sx=0.2727272727272727, sy=0.2727272727272727, TILESIZE=150, tilewidth=550, tileheight=550
  Calculated: x_game=349.62, y_game=198.04963636363635, w_game=242.9751818181818, h_game=206.74390909090909
  Final rect: <rect(349, 198, 243, 207)> (surf_w=243, surf_h=207)
  Mask pixel count: 39473, Expected ellipse area: 39506.3
  Mask size: (243, 207)

Effect Slipery Layer_2:
  TMX raw: obj.x=1680.0, obj.y=732.242, obj.width=890.909, obj.height=758.061
  Scaling: sx=0.2727272727272727, sy=0.2727272727272727, TILESIZE=150, tilewidth=550, tileheight=550
  Calculated: x_game=458.18181818181813, y_game=199.7023636363636, w_game=242.9751818181818, h_game=206.74390909090909
  Final rect: <rect(458, 199, 243, 207)> (surf_w=243, surf_h=207)
  Mask pixel count: 39473, Expected ellipse area: 39506.3
  Mask size: (243, 207)

Effect Slipery Layer_3:
  TMX raw: obj.x=1584.73, obj.y=1669.45, obj.width=103.03031, obj.height=84.8485
  Scaling: sx=0.2727272727272727, sy=0.2727272727272727, TILESIZE=150, tilewidth=550, tileheight=550
  Calculated: x_game=432.1990909090909, y_game=455.3045454545454, w_game=28.099175454545453, h_game=23.1405
  Final rect: <rect(432, 455, 28, 23)> (surf_w=28, surf_h=23)
  Mask pixel count: 0, Expected ellipse area: 644.0
  Mask size: (28, 23)

Effect Slipery Layer_4:
  TMX raw: obj.x=1716.48, obj.y=2136.36, obj.width=103.03031, obj.height=84.8485
  Scaling: sx=0.2727272727272727, sy=0.2727272727272727, TILESIZE=150, tilewidth=550, tileheight=550
  Calculated: x_game=468.1309090909091, y_game=582.6436363636363, w_game=28.099175454545453, h_game=23.1405
  Final rect: <rect(468, 582, 28, 23)> (surf_w=28, surf_h=23)
  Mask pixel count: 0, Expected ellipse area: 644.0
  Mask size: (28, 23)

Effect Slipery Layer_5:
  TMX raw: obj.x=2386.55, obj.y=1828.97, obj.width=890.909, obj.height=758.061
  Scaling: sx=0.2727272727272727, sy=0.2727272727272727, TILESIZE=150, tilewidth=550, tileheight=550
  Calculated: x_game=650.8772727272727, y_game=498.80999999999995, w_game=242.9751818181818, h_game=206.74390909090909
  Final rect: <rect(650, 498, 243, 207)> (surf_w=243, surf_h=207)
  Mask pixel count: 39473, Expected ellipse area: 39506.3
  Mask size: (243, 207)

Effect Slipery Layer_6:
  TMX raw: obj.x=1834.55, obj.y=1268.97, obj.width=890.909, obj.height=758.061
  Scaling: sx=0.2727272727272727, sy=0.2727272727272727, TILESIZE=150, tilewidth=550, tileheight=550
  Calculated: x_game=500.3318181818181, y_game=346.08272727272725, w_game=242.9751818181818, h_game=206.74390909090909
  Final rect: <rect(500, 346, 243, 207)> (surf_w=243, surf_h=207)
  Mask pixel count: 39473, Expected ellipse area: 39506.3
  Mask size: (243, 207)

Effect Slipery Layer_7:
  TMX raw: obj.x=3322.55, obj.y=1820.97, obj.width=890.909, obj.height=758.061
  Scaling: sx=0.2727272727272727, sy=0.2727272727272727, TILESIZE=150, tilewidth=550, tileheight=550
  Calculated: x_game=906.15, y_game=496.6281818181818, w_game=242.9751818181818, h_game=206.74390909090909
  Final rect: <rect(906, 496, 243, 207)> (surf_w=243, surf_h=207)
  Mask pixel count: 39473, Expected ellipse area: 39506.3
  Mask size: (243, 207)

Effect Slipery Layer_8:
  TMX raw: obj.x=5146.55, obj.y=2932.97, obj.width=890.909, obj.height=758.061
  Scaling: sx=0.2727272727272727, sy=0.2727272727272727, TILESIZE=150, tilewidth=550, tileheight=550
  Calculated: x_game=1403.6045454545454, y_game=799.900909090909, w_game=242.9751818181818, h_game=206.74390909090909
  Final rect: <rect(1403, 799, 243, 207)> (surf_w=243, surf_h=207)
  Mask pixel count: 39473, Expected ellipse area: 39506.3
  Mask size: (243, 207)

Effect Slipery Layer_9:
  TMX raw: obj.x=6210.66, obj.y=3498.49, obj.width=1634.67, obj.height=699.03
  Scaling: sx=0.2727272727272727, sy=0.2727272727272727, TILESIZE=150, tilewidth=550, tileheight=550
  Calculated: x_game=1693.8163636363636, y_game=954.1336363636362, w_game=445.8190909090909, h_game=190.64454545454544
  Final rect: <rect(1693, 954, 446, 191)> (surf_w=446, surf_h=191)
  Mask pixel count: 85186, Expected ellipse area: 85186.0
  Mask size: (446, 191)

Effect Slipery Layer_10:
  TMX raw: obj.x=3942.66, obj.y=2402.49, obj.width=2122.67, obj.height=707.03
  Scaling: sx=0.2727272727272727, sy=0.2727272727272727, TILESIZE=150, tilewidth=550, tileheight=550
  Calculated: x_game=1075.270909090909, y_game=655.2245454545454, w_game=578.91, h_game=192.82636363636362
  Final rect: <rect(1075, 655, 579, 193)> (surf_w=579, surf_h=193)
  Mask pixel count: 111747, Expected ellipse area: 111747.0
  Mask size: (579, 193)

Effect Slipery Layer_11:
  TMX raw: obj.x=3482.55, obj.y=2380.97, obj.width=890.909, obj.height=758.061
  Scaling: sx=0.2727272727272727, sy=0.2727272727272727, TILESIZE=150, tilewidth=550, tileheight=550
  Calculated: x_game=949.7863636363636, y_game=649.3554545454544, w_game=242.9751818181818, h_game=206.74390909090909
  Final rect: <rect(949, 649, 243, 207)> (surf_w=243, surf_h=207)
  Mask pixel count: 39473, Expected ellipse area: 39506.3
  Mask size: (243, 207)

Effect Slipery Layer_12:
  TMX raw: obj.x=5674.55, obj.y=3468.97, obj.width=890.909, obj.height=758.061
  Scaling: sx=0.2727272727272727, sy=0.2727272727272727, TILESIZE=150, tilewidth=550, tileheight=550
  Calculated: x_game=1547.6045454545454, y_game=946.0827272727272, w_game=242.9751818181818, h_game=206.74390909090909
  Final rect: <rect(1547, 946, 243, 207)> (surf_w=243, surf_h=207)
  Mask pixel count: 39473, Expected ellipse area: 39506.3
  Mask size: (243, 207)

Effect Slipery Layer_13:
  TMX raw: obj.x=5518.66, obj.y=2962.49, obj.width=1634.67, obj.height=699.03
  Scaling: sx=0.2727272727272727, sy=0.2727272727272727, TILESIZE=150, tilewidth=550, tileheight=550
  Calculated: x_game=1505.0890909090908, y_game=807.9518181818181, w_game=445.8190909090909, h_game=190.64454545454544
  Final rect: <rect(1505, 807, 446, 191)> (surf_w=446, surf_h=191)
  Mask pixel count: 85186, Expected ellipse area: 85186.0
  Mask size: (446, 191)

Effect Slipery Layer_14:
  TMX raw: obj.x=6610.55, obj.y=2924.97, obj.width=890.909, obj.height=758.061
  Scaling: sx=0.2727272727272727, sy=0.2727272727272727, TILESIZE=150, tilewidth=550, tileheight=550
  Calculated: x_game=1802.8772727272726, y_game=797.7190909090908, w_game=242.9751818181818, h_game=206.74390909090909
  Final rect: <rect(1802, 797, 243, 207)> (surf_w=243, surf_h=207)
  Mask pixel count: 39473, Expected ellipse area: 39506.3
  Mask size: (243, 207)

Effect Slipery Layer_15:
  TMX raw: obj.x=5530.55, obj.y=2356.97, obj.width=890.909, obj.height=758.061
  Scaling: sx=0.2727272727272727, sy=0.2727272727272727, TILESIZE=150, tilewidth=550, tileheight=550
  Calculated: x_game=1508.331818181818, y_game=642.81, w_game=242.9751818181818, h_game=206.74390909090909
  Final rect: <rect(1508, 642, 243, 207)> (surf_w=243, surf_h=207)
  Mask pixel count: 39473, Expected ellipse area: 39506.3
  Mask size: (243, 207)

Effect Slipery Layer_16:
  TMX raw: obj.x=2226.55, obj.y=1268.97, obj.width=890.909, obj.height=758.061
  Scaling: sx=0.2727272727272727, sy=0.2727272727272727, TILESIZE=150, tilewidth=550, tileheight=550
  Calculated: x_game=607.2409090909091, y_game=346.08272727272725, w_game=242.9751818181818, h_game=206.74390909090909
  Final rect: <rect(607, 346, 243, 207)> (surf_w=243, surf_h=207)
  Mask pixel count: 39473, Expected ellipse area: 39506.3
  Mask size: (243, 207)

Effect Slipery Layer_17:
  TMX raw: obj.x=1884.0, obj.y=1468.0, obj.width=132.0, obj.height=128.0
  Scaling: sx=0.2727272727272727, sy=0.2727272727272727, TILESIZE=150, tilewidth=550, tileheight=550
  Calculated: x_game=513.8181818181818, y_game=400.3636363636363, w_game=36.0, h_game=34.90909090909091
  Final rect: <rect(513, 400, 36, 35)> (surf_w=36, surf_h=35)
  Mask pixel count: 0, Expected ellipse area: 1260.0
  Mask size: (36, 35)

Effect Slipery Layer_18:
  TMX raw: obj.x=2580.0, obj.y=1172.0, obj.width=140.0, obj.height=116.0
  Scaling: sx=0.2727272727272727, sy=0.2727272727272727, TILESIZE=150, tilewidth=550, tileheight=550
  Calculated: x_game=703.6363636363636, y_game=319.6363636363636, w_game=38.18181818181818, h_game=31.636363636363633
  Final rect: <rect(703, 319, 38, 32)> (surf_w=38, surf_h=32)
  Mask pixel count: 0, Expected ellipse area: 1216.0
  Mask size: (38, 32)

Effect Slipery Layer_19:
  TMX raw: obj.x=3124.0, obj.y=1704.0, obj.width=252.0, obj.height=144.0
  Scaling: sx=0.2727272727272727, sy=0.2727272727272727, TILESIZE=150, tilewidth=550, tileheight=550
  Calculated: x_game=851.9999999999999, y_game=464.7272727272727, w_game=68.72727272727272, h_game=39.272727272727266
  Final rect: <rect(851, 464, 69, 39)> (surf_w=69, surf_h=39)
  Mask pixel count: 0, Expected ellipse area: 2691.0
  Mask size: (69, 39)

Effect Slipery Layer_20:
  TMX raw: obj.x=3320.0, obj.y=2560.0, obj.width=232.0, obj.height=152.0
  Scaling: sx=0.2727272727272727, sy=0.2727272727272727, TILESIZE=150, tilewidth=550, tileheight=550
  Calculated: x_game=905.4545454545454, y_game=698.1818181818181, w_game=63.272727272727266, h_game=41.45454545454545
  Final rect: <rect(905, 698, 63, 41)> (surf_w=63, surf_h=41)
  Mask pixel count: 0, Expected ellipse area: 2583.0
  Mask size: (63, 41)

Effect Slipery Layer_21:
  TMX raw: obj.x=2376.0, obj.y=2156.0, obj.width=172.0, obj.height=164.0
  Scaling: sx=0.2727272727272727, sy=0.2727272727272727, TILESIZE=150, tilewidth=550, tileheight=550
  Calculated: x_game=648.0, y_game=588.0, w_game=46.90909090909091, h_game=44.72727272727273
  Final rect: <rect(648, 588, 47, 45)> (surf_w=47, surf_h=45)
  Mask pixel count: 0, Expected ellipse area: 2115.0
  Mask size: (47, 45)

Effect Slipery Layer_22:
  TMX raw: obj.x=4216.0, obj.y=2236.0, obj.width=240.0, obj.height=160.0
  Scaling: sx=0.2727272727272727, sy=0.2727272727272727, TILESIZE=150, tilewidth=550, tileheight=550
  Calculated: x_game=1149.8181818181818, y_game=609.8181818181818, w_game=65.45454545454545, h_game=43.63636363636363
  Final rect: <rect(1149, 609, 65, 44)> (surf_w=65, surf_h=44)
  Mask pixel count: 0, Expected ellipse area: 2860.0
  Mask size: (65, 44)

Effect Slipery Layer_23:
  TMX raw: obj.x=5212.0, obj.y=3120.0, obj.width=228.0, obj.height=204.0
  Scaling: sx=0.2727272727272727, sy=0.2727272727272727, TILESIZE=150, tilewidth=550, tileheight=550
  Calculated: x_game=1421.4545454545453, y_game=850.9090909090909, w_game=62.18181818181818, h_game=55.63636363636363
  Final rect: <rect(1421, 850, 62, 56)> (surf_w=62, surf_h=56)
  Mask pixel count: 0, Expected ellipse area: 3472.0
  Mask size: (62, 56)

Effect Slipery Layer_24:
  TMX raw: obj.x=6424.0, obj.y=2816.0, obj.width=336.0, obj.height=148.0
  Scaling: sx=0.2727272727272727, sy=0.2727272727272727, TILESIZE=150, tilewidth=550, tileheight=550
  Calculated: x_game=1751.9999999999998, y_game=768.0, w_game=91.63636363636363, h_game=40.36363636363636
  Final rect: <rect(1751, 768, 92, 40)> (surf_w=92, surf_h=40)
  Mask pixel count: 0, Expected ellipse area: 3680.0
  Mask size: (92, 40)

Effect Slipery Layer_25:
  TMX raw: obj.x=5724.0, obj.y=3676.0, obj.width=160.0, obj.height=116.0
  Scaling: sx=0.2727272727272727, sy=0.2727272727272727, TILESIZE=150, tilewidth=550, tileheight=550
  Calculated: x_game=1561.090909090909, y_game=1002.5454545454545, w_game=43.63636363636363, h_game=31.636363636363633
  Final rect: <rect(1561, 1002, 44, 32)> (surf_w=44, surf_h=32)
  Mask pixel count: 0, Expected ellipse area: 1408.0
  Mask size: (44, 32)

Effect Slipery Layer_26:
  TMX raw: obj.x=7520.0, obj.y=3332.0, obj.width=268.0, obj.height=164.0
  Scaling: sx=0.2727272727272727, sy=0.2727272727272727, TILESIZE=150, tilewidth=550, tileheight=550
  Calculated: x_game=2050.9090909090905, y_game=908.7272727272726, w_game=73.09090909090908, h_game=44.72727272727273
  Final rect: <rect(2050, 908, 73, 45)> (surf_w=73, surf_h=45)
  Mask pixel count: 0, Expected ellipse area: 3285.0
  Mask size: (73, 45)

Effect Slipery Layer_27:
  TMX raw: obj.x=6398.66, obj.y=4802.49, obj.width=6066.67, obj.height=3243.03
  Scaling: sx=0.2727272727272727, sy=0.2727272727272727, TILESIZE=150, tilewidth=550, tileheight=550
  Calculated: x_game=1745.0890909090908, y_game=1309.7699999999998, w_game=1654.5463636363636, h_game=884.4627272727273
  Final rect: <rect(1745, 1309, 1655, 884)> (surf_w=1655, surf_h=884)
  Mask pixel count: 1463020, Expected ellipse area: 1463020.0
  Mask size: (1655, 884)

Effect Slipery Layer_28:
  TMX raw: obj.x=10142.7, obj.y=8034.49, obj.width=2818.67, obj.height=2923.03
  Scaling: sx=0.2727272727272727, sy=0.2727272727272727, TILESIZE=150, tilewidth=550, tileheight=550
  Calculated: x_game=2766.190909090909, y_game=2191.224545454545, w_game=768.7281818181817, h_game=797.1899999999999
  Final rect: <rect(2766, 2191, 769, 797)> (surf_w=769, surf_h=797)
  Mask pixel count: 612893, Expected ellipse area: 612893.0
  Mask size: (769, 797)

Effect Slipery Layer_29:
  TMX raw: obj.x=9326.67, obj.y=5482.49, obj.width=3682.67, obj.height=3675.03
  Scaling: sx=0.2727272727272727, sy=0.2727272727272727, TILESIZE=150, tilewidth=550, tileheight=550
  Calculated: x_game=2543.6372727272724, y_game=1495.2245454545453, w_game=1004.3645454545454, h_game=1002.2809090909091
  Final rect: <rect(2543, 1495, 1004, 1002)> (surf_w=1004, surf_h=1002)
  Mask pixel count: 1006008, Expected ellipse area: 1006008.0
  Mask size: (1004, 1002)

Effect Slipery Layer_30:
  TMX raw: obj.x=7918.67, obj.y=5418.49, obj.width=2818.67, obj.height=2923.03
  Scaling: sx=0.2727272727272727, sy=0.2727272727272727, TILESIZE=150, tilewidth=550, tileheight=550
  Calculated: x_game=2159.6372727272724, y_game=1477.7699999999998, w_game=768.7281818181817, h_game=797.1899999999999
  Final rect: <rect(2159, 1477, 769, 797)> (surf_w=769, surf_h=797)
  Mask pixel count: 612893, Expected ellipse area: 612893.0
  Mask size: (769, 797)

Effect Slipery Layer_0:
  TMX raw: obj.x=2762.91, obj.y=1852.12, obj.width=1050.67, obj.height=699.03
  Scaling: sx=0.2727272727272727, sy=0.2727272727272727, TILESIZE=150, tilewidth=550, tileheight=550
  Calculated: x_game=753.520909090909, y_game=505.1236363636363, w_game=286.54636363636365, h_game=190.64454545454544
  Final rect: <rect(753, 505, 287, 191)> (surf_w=287, surf_h=191)
  Mask pixel count: 54817, Expected ellipse area: 54817.0
  Mask size: (287, 191)

Effect Slipery Layer_1:
  TMX raw: obj.x=1281.94, obj.y=726.182, obj.width=890.909, obj.height=758.061
  Scaling: sx=0.2727272727272727, sy=0.2727272727272727, TILESIZE=150, tilewidth=550, tileheight=550
  Calculated: x_game=349.62, y_game=198.04963636363635, w_game=242.9751818181818, h_game=206.74390909090909
  Final rect: <rect(349, 198, 243, 207)> (surf_w=243, surf_h=207)
  Mask pixel count: 39473, Expected ellipse area: 39506.3
  Mask size: (243, 207)

Effect Slipery Layer_2:
  TMX raw: obj.x=1680.0, obj.y=732.242, obj.width=890.909, obj.height=758.061
  Scaling: sx=0.2727272727272727, sy=0.2727272727272727, TILESIZE=150, tilewidth=550, tileheight=550
  Calculated: x_game=458.18181818181813, y_game=199.7023636363636, w_game=242.9751818181818, h_game=206.74390909090909
  Final rect: <rect(458, 199, 243, 207)> (surf_w=243, surf_h=207)
  Mask pixel count: 39473, Expected ellipse area: 39506.3
  Mask size: (243, 207)

Effect Slipery Layer_3:
  TMX raw: obj.x=1584.73, obj.y=1669.45, obj.width=103.03031, obj.height=84.8485
  Scaling: sx=0.2727272727272727, sy=0.2727272727272727, TILESIZE=150, tilewidth=550, tileheight=550
  Calculated: x_game=432.1990909090909, y_game=455.3045454545454, w_game=28.099175454545453, h_game=23.1405
  Final rect: <rect(432, 455, 28, 23)> (surf_w=28, surf_h=23)
  Mask pixel count: 0, Expected ellipse area: 644.0
  Mask size: (28, 23)

Effect Slipery Layer_4:
  TMX raw: obj.x=1716.48, obj.y=2136.36, obj.width=103.03031, obj.height=84.8485
  Scaling: sx=0.2727272727272727, sy=0.2727272727272727, TILESIZE=150, tilewidth=550, tileheight=550
  Calculated: x_game=468.1309090909091, y_game=582.6436363636363, w_game=28.099175454545453, h_game=23.1405
  Final rect: <rect(468, 582, 28, 23)> (surf_w=28, surf_h=23)
  Mask pixel count: 0, Expected ellipse area: 644.0
  Mask size: (28, 23)

Effect Slipery Layer_5:
  TMX raw: obj.x=2386.55, obj.y=1828.97, obj.width=890.909, obj.height=758.061
  Scaling: sx=0.2727272727272727, sy=0.2727272727272727, TILESIZE=150, tilewidth=550, tileheight=550
  Calculated: x_game=650.8772727272727, y_game=498.80999999999995, w_game=242.9751818181818, h_game=206.74390909090909
  Final rect: <rect(650, 498, 243, 207)> (surf_w=243, surf_h=207)
  Mask pixel count: 39473, Expected ellipse area: 39506.3
  Mask size: (243, 207)

Effect Slipery Layer_6:
  TMX raw: obj.x=1834.55, obj.y=1268.97, obj.width=890.909, obj.height=758.061
  Scaling: sx=0.2727272727272727, sy=0.2727272727272727, TILESIZE=150, tilewidth=550, tileheight=550
  Calculated: x_game=500.3318181818181, y_game=346.08272727272725, w_game=242.9751818181818, h_game=206.74390909090909
  Final rect: <rect(500, 346, 243, 207)> (surf_w=243, surf_h=207)
  Mask pixel count: 39473, Expected ellipse area: 39506.3
  Mask size: (243, 207)

Effect Slipery Layer_7:
  TMX raw: obj.x=3322.55, obj.y=1820.97, obj.width=890.909, obj.height=758.061
  Scaling: sx=0.2727272727272727, sy=0.2727272727272727, TILESIZE=150, tilewidth=550, tileheight=550
  Calculated: x_game=906.15, y_game=496.6281818181818, w_game=242.9751818181818, h_game=206.74390909090909
  Final rect: <rect(906, 496, 243, 207)> (surf_w=243, surf_h=207)
  Mask pixel count: 39473, Expected ellipse area: 39506.3
  Mask size: (243, 207)

Effect Slipery Layer_8:
  TMX raw: obj.x=5146.55, obj.y=2932.97, obj.width=890.909, obj.height=758.061
  Scaling: sx=0.2727272727272727, sy=0.2727272727272727, TILESIZE=150, tilewidth=550, tileheight=550
  Calculated: x_game=1403.6045454545454, y_game=799.900909090909, w_game=242.9751818181818, h_game=206.74390909090909
  Final rect: <rect(1403, 799, 243, 207)> (surf_w=243, surf_h=207)
  Mask pixel count: 39473, Expected ellipse area: 39506.3
  Mask size: (243, 207)

Effect Slipery Layer_9:
  TMX raw: obj.x=6210.66, obj.y=3498.49, obj.width=1634.67, obj.height=699.03
  Scaling: sx=0.2727272727272727, sy=0.2727272727272727, TILESIZE=150, tilewidth=550, tileheight=550
  Calculated: x_game=1693.8163636363636, y_game=954.1336363636362, w_game=445.8190909090909, h_game=190.64454545454544
  Final rect: <rect(1693, 954, 446, 191)> (surf_w=446, surf_h=191)
  Mask pixel count: 85186, Expected ellipse area: 85186.0
  Mask size: (446, 191)

Effect Slipery Layer_10:
  TMX raw: obj.x=3942.66, obj.y=2402.49, obj.width=2122.67, obj.height=707.03
  Scaling: sx=0.2727272727272727, sy=0.2727272727272727, TILESIZE=150, tilewidth=550, tileheight=550
  Calculated: x_game=1075.270909090909, y_game=655.2245454545454, w_game=578.91, h_game=192.82636363636362
  Final rect: <rect(1075, 655, 579, 193)> (surf_w=579, surf_h=193)
  Mask pixel count: 111747, Expected ellipse area: 111747.0
  Mask size: (579, 193)

Effect Slipery Layer_11:
  TMX raw: obj.x=3482.55, obj.y=2380.97, obj.width=890.909, obj.height=758.061
  Scaling: sx=0.2727272727272727, sy=0.2727272727272727, TILESIZE=150, tilewidth=550, tileheight=550
  Calculated: x_game=949.7863636363636, y_game=649.3554545454544, w_game=242.9751818181818, h_game=206.74390909090909
  Final rect: <rect(949, 649, 243, 207)> (surf_w=243, surf_h=207)
  Mask pixel count: 39473, Expected ellipse area: 39506.3
  Mask size: (243, 207)

Effect Slipery Layer_12:
  TMX raw: obj.x=5674.55, obj.y=3468.97, obj.width=890.909, obj.height=758.061
  Scaling: sx=0.2727272727272727, sy=0.2727272727272727, TILESIZE=150, tilewidth=550, tileheight=550
  Calculated: x_game=1547.6045454545454, y_game=946.0827272727272, w_game=242.9751818181818, h_game=206.74390909090909
  Final rect: <rect(1547, 946, 243, 207)> (surf_w=243, surf_h=207)
  Mask pixel count: 39473, Expected ellipse area: 39506.3
  Mask size: (243, 207)

Effect Slipery Layer_13:
  TMX raw: obj.x=5518.66, obj.y=2962.49, obj.width=1634.67, obj.height=699.03
  Scaling: sx=0.2727272727272727, sy=0.2727272727272727, TILESIZE=150, tilewidth=550, tileheight=550
  Calculated: x_game=1505.0890909090908, y_game=807.9518181818181, w_game=445.8190909090909, h_game=190.64454545454544
  Final rect: <rect(1505, 807, 446, 191)> (surf_w=446, surf_h=191)
  Mask pixel count: 85186, Expected ellipse area: 85186.0
  Mask size: (446, 191)

Effect Slipery Layer_14:
  TMX raw: obj.x=6610.55, obj.y=2924.97, obj.width=890.909, obj.height=758.061
  Scaling: sx=0.2727272727272727, sy=0.2727272727272727, TILESIZE=150, tilewidth=550, tileheight=550
  Calculated: x_game=1802.8772727272726, y_game=797.7190909090908, w_game=242.9751818181818, h_game=206.74390909090909
  Final rect: <rect(1802, 797, 243, 207)> (surf_w=243, surf_h=207)
  Mask pixel count: 39473, Expected ellipse area: 39506.3
  Mask size: (243, 207)

Effect Slipery Layer_15:
  TMX raw: obj.x=5530.55, obj.y=2356.97, obj.width=890.909, obj.height=758.061
  Scaling: sx=0.2727272727272727, sy=0.2727272727272727, TILESIZE=150, tilewidth=550, tileheight=550
  Calculated: x_game=1508.331818181818, y_game=642.81, w_game=242.9751818181818, h_game=206.74390909090909
  Final rect: <rect(1508, 642, 243, 207)> (surf_w=243, surf_h=207)
  Mask pixel count: 39473, Expected ellipse area: 39506.3
  Mask size: (243, 207)

Effect Slipery Layer_16:
  TMX raw: obj.x=2226.55, obj.y=1268.97, obj.width=890.909, obj.height=758.061
  Scaling: sx=0.2727272727272727, sy=0.2727272727272727, TILESIZE=150, tilewidth=550, tileheight=550
  Calculated: x_game=607.2409090909091, y_game=346.08272727272725, w_game=242.9751818181818, h_game=206.74390909090909
  Final rect: <rect(607, 346, 243, 207)> (surf_w=243, surf_h=207)
  Mask pixel count: 39473, Expected ellipse area: 39506.3
  Mask size: (243, 207)

Effect Slipery Layer_17:
  TMX raw: obj.x=1884.0, obj.y=1468.0, obj.width=132.0, obj.height=128.0
  Scaling: sx=0.2727272727272727, sy=0.2727272727272727, TILESIZE=150, tilewidth=550, tileheight=550
  Calculated: x_game=513.8181818181818, y_game=400.3636363636363, w_game=36.0, h_game=34.90909090909091
  Final rect: <rect(513, 400, 36, 35)> (surf_w=36, surf_h=35)
  Mask pixel count: 0, Expected ellipse area: 1260.0
  Mask size: (36, 35)

Effect Slipery Layer_18:
  TMX raw: obj.x=2580.0, obj.y=1172.0, obj.width=140.0, obj.height=116.0
  Scaling: sx=0.2727272727272727, sy=0.2727272727272727, TILESIZE=150, tilewidth=550, tileheight=550
  Calculated: x_game=703.6363636363636, y_game=319.6363636363636, w_game=38.18181818181818, h_game=31.636363636363633
  Final rect: <rect(703, 319, 38, 32)> (surf_w=38, surf_h=32)
  Mask pixel count: 0, Expected ellipse area: 1216.0
  Mask size: (38, 32)

Effect Slipery Layer_19:
  TMX raw: obj.x=3124.0, obj.y=1704.0, obj.width=252.0, obj.height=144.0
  Scaling: sx=0.2727272727272727, sy=0.2727272727272727, TILESIZE=150, tilewidth=550, tileheight=550
  Calculated: x_game=851.9999999999999, y_game=464.7272727272727, w_game=68.72727272727272, h_game=39.272727272727266
  Final rect: <rect(851, 464, 69, 39)> (surf_w=69, surf_h=39)
  Mask pixel count: 0, Expected ellipse area: 2691.0
  Mask size: (69, 39)

Effect Slipery Layer_20:
  TMX raw: obj.x=3320.0, obj.y=2560.0, obj.width=232.0, obj.height=152.0
  Scaling: sx=0.2727272727272727, sy=0.2727272727272727, TILESIZE=150, tilewidth=550, tileheight=550
  Calculated: x_game=905.4545454545454, y_game=698.1818181818181, w_game=63.272727272727266, h_game=41.45454545454545
  Final rect: <rect(905, 698, 63, 41)> (surf_w=63, surf_h=41)
  Mask pixel count: 0, Expected ellipse area: 2583.0
  Mask size: (63, 41)

Effect Slipery Layer_21:
  TMX raw: obj.x=2376.0, obj.y=2156.0, obj.width=172.0, obj.height=164.0
  Scaling: sx=0.2727272727272727, sy=0.2727272727272727, TILESIZE=150, tilewidth=550, tileheight=550
  Calculated: x_game=648.0, y_game=588.0, w_game=46.90909090909091, h_game=44.72727272727273
  Final rect: <rect(648, 588, 47, 45)> (surf_w=47, surf_h=45)
  Mask pixel count: 0, Expected ellipse area: 2115.0
  Mask size: (47, 45)

Effect Slipery Layer_22:
  TMX raw: obj.x=4216.0, obj.y=2236.0, obj.width=240.0, obj.height=160.0
  Scaling: sx=0.2727272727272727, sy=0.2727272727272727, TILESIZE=150, tilewidth=550, tileheight=550
  Calculated: x_game=1149.8181818181818, y_game=609.8181818181818, w_game=65.45454545454545, h_game=43.63636363636363
  Final rect: <rect(1149, 609, 65, 44)> (surf_w=65, surf_h=44)
  Mask pixel count: 0, Expected ellipse area: 2860.0
  Mask size: (65, 44)

Effect Slipery Layer_23:
  TMX raw: obj.x=5212.0, obj.y=3120.0, obj.width=228.0, obj.height=204.0
  Scaling: sx=0.2727272727272727, sy=0.2727272727272727, TILESIZE=150, tilewidth=550, tileheight=550
  Calculated: x_game=1421.4545454545453, y_game=850.9090909090909, w_game=62.18181818181818, h_game=55.63636363636363
  Final rect: <rect(1421, 850, 62, 56)> (surf_w=62, surf_h=56)
  Mask pixel count: 0, Expected ellipse area: 3472.0
  Mask size: (62, 56)

Effect Slipery Layer_24:
  TMX raw: obj.x=6424.0, obj.y=2816.0, obj.width=336.0, obj.height=148.0
  Scaling: sx=0.2727272727272727, sy=0.2727272727272727, TILESIZE=150, tilewidth=550, tileheight=550
  Calculated: x_game=1751.9999999999998, y_game=768.0, w_game=91.63636363636363, h_game=40.36363636363636
  Final rect: <rect(1751, 768, 92, 40)> (surf_w=92, surf_h=40)
  Mask pixel count: 0, Expected ellipse area: 3680.0
  Mask size: (92, 40)

Effect Slipery Layer_25:
  TMX raw: obj.x=5724.0, obj.y=3676.0, obj.width=160.0, obj.height=116.0
  Scaling: sx=0.2727272727272727, sy=0.2727272727272727, TILESIZE=150, tilewidth=550, tileheight=550
  Calculated: x_game=1561.090909090909, y_game=1002.5454545454545, w_game=43.63636363636363, h_game=31.636363636363633
  Final rect: <rect(1561, 1002, 44, 32)> (surf_w=44, surf_h=32)
  Mask pixel count: 0, Expected ellipse area: 1408.0
  Mask size: (44, 32)

Effect Slipery Layer_26:
  TMX raw: obj.x=7520.0, obj.y=3332.0, obj.width=268.0, obj.height=164.0
  Scaling: sx=0.2727272727272727, sy=0.2727272727272727, TILESIZE=150, tilewidth=550, tileheight=550
  Calculated: x_game=2050.9090909090905, y_game=908.7272727272726, w_game=73.09090909090908, h_game=44.72727272727273
  Final rect: <rect(2050, 908, 73, 45)> (surf_w=73, surf_h=45)
  Mask pixel count: 0, Expected ellipse area: 3285.0
  Mask size: (73, 45)

Effect Slipery Layer_27:
  TMX raw: obj.x=6398.66, obj.y=4802.49, obj.width=6066.67, obj.height=3243.03
  Scaling: sx=0.2727272727272727, sy=0.2727272727272727, TILESIZE=150, tilewidth=550, tileheight=550
  Calculated: x_game=1745.0890909090908, y_game=1309.7699999999998, w_game=1654.5463636363636, h_game=884.4627272727273
  Final rect: <rect(1745, 1309, 1655, 884)> (surf_w=1655, surf_h=884)
  Mask pixel count: 1463020, Expected ellipse area: 1463020.0
  Mask size: (1655, 884)

Effect Slipery Layer_28:
  TMX raw: obj.x=10142.7, obj.y=8034.49, obj.width=2818.67, obj.height=2923.03
  Scaling: sx=0.2727272727272727, sy=0.2727272727272727, TILESIZE=150, tilewidth=550, tileheight=550
  Calculated: x_game=2766.190909090909, y_game=2191.224545454545, w_game=768.7281818181817, h_game=797.1899999999999
  Final rect: <rect(2766, 2191, 769, 797)> (surf_w=769, surf_h=797)
  Mask pixel count: 612893, Expected ellipse area: 612893.0
  Mask size: (769, 797)

Effect Slipery Layer_29:
  TMX raw: obj.x=9326.67, obj.y=5482.49, obj.width=3682.67, obj.height=3675.03
  Scaling: sx=0.2727272727272727, sy=0.2727272727272727, TILESIZE=150, tilewidth=550, tileheight=550
  Calculated: x_game=2543.6372727272724, y_game=1495.2245454545453, w_game=1004.3645454545454, h_game=1002.2809090909091
  Final rect: <rect(2543, 1495, 1004, 1002)> (surf_w=1004, surf_h=1002)
  Mask pixel count: 1006008, Expected ellipse area: 1006008.0
  Mask size: (1004, 1002)

Effect Slipery Layer_30:
  TMX raw: obj.x=7918.67, obj.y=5418.49, obj.width=2818.67, obj.height=2923.03
  Scaling: sx=0.2727272727272727, sy=0.2727272727272727, TILESIZE=150, tilewidth=550, tileheight=550
  Calculated: x_game=2159.6372727272724, y_game=1477.7699999999998, w_game=768.7281818181817, h_game=797.1899999999999
  Final rect: <rect(2159, 1477, 769, 797)> (surf_w=769, surf_h=797)
  Mask pixel count: 612893, Expected ellipse area: 612893.0
  Mask size: (769, 797)

Effect Slipery Layer_0:
  TMX raw: obj.x=2762.91, obj.y=1852.12, obj.width=1050.67, obj.height=699.03
  Scaling: sx=0.2727272727272727, sy=0.2727272727272727, TILESIZE=150, tilewidth=550, tileheight=550
  Calculated: x_game=753.520909090909, y_game=505.1236363636363, w_game=286.54636363636365, h_game=190.64454545454544
  Final rect: <rect(753, 505, 287, 191)> (surf_w=287, surf_h=191)
  Mask pixel count: 54817, Expected ellipse area: 54817.0
  Mask size: (287, 191)

Effect Slipery Layer_1:
  TMX raw: obj.x=1281.94, obj.y=726.182, obj.width=890.909, obj.height=758.061
  Scaling: sx=0.2727272727272727, sy=0.2727272727272727, TILESIZE=150, tilewidth=550, tileheight=550
  Calculated: x_game=349.62, y_game=198.04963636363635, w_game=242.9751818181818, h_game=206.74390909090909
  Final rect: <rect(349, 198, 243, 207)> (surf_w=243, surf_h=207)
  Mask pixel count: 39473, Expected ellipse area: 39506.3
  Mask size: (243, 207)

Effect Slipery Layer_2:
  TMX raw: obj.x=1680.0, obj.y=732.242, obj.width=890.909, obj.height=758.061
  Scaling: sx=0.2727272727272727, sy=0.2727272727272727, TILESIZE=150, tilewidth=550, tileheight=550
  Calculated: x_game=458.18181818181813, y_game=199.7023636363636, w_game=242.9751818181818, h_game=206.74390909090909
  Final rect: <rect(458, 199, 243, 207)> (surf_w=243, surf_h=207)
  Mask pixel count: 39473, Expected ellipse area: 39506.3
  Mask size: (243, 207)

Effect Slipery Layer_3:
  TMX raw: obj.x=1584.73, obj.y=1669.45, obj.width=103.03031, obj.height=84.8485
  Scaling: sx=0.2727272727272727, sy=0.2727272727272727, TILESIZE=150, tilewidth=550, tileheight=550
  Calculated: x_game=432.1990909090909, y_game=455.3045454545454, w_game=28.099175454545453, h_game=23.1405
  Final rect: <rect(432, 455, 28, 23)> (surf_w=28, surf_h=23)
  Mask pixel count: 0, Expected ellipse area: 644.0
  Mask size: (28, 23)

Effect Slipery Layer_4:
  TMX raw: obj.x=1716.48, obj.y=2136.36, obj.width=103.03031, obj.height=84.8485
  Scaling: sx=0.2727272727272727, sy=0.2727272727272727, TILESIZE=150, tilewidth=550, tileheight=550
  Calculated: x_game=468.1309090909091, y_game=582.6436363636363, w_game=28.099175454545453, h_game=23.1405
  Final rect: <rect(468, 582, 28, 23)> (surf_w=28, surf_h=23)
  Mask pixel count: 0, Expected ellipse area: 644.0
  Mask size: (28, 23)

Effect Slipery Layer_5:
  TMX raw: obj.x=2386.55, obj.y=1828.97, obj.width=890.909, obj.height=758.061
  Scaling: sx=0.2727272727272727, sy=0.2727272727272727, TILESIZE=150, tilewidth=550, tileheight=550
  Calculated: x_game=650.8772727272727, y_game=498.80999999999995, w_game=242.9751818181818, h_game=206.74390909090909
  Final rect: <rect(650, 498, 243, 207)> (surf_w=243, surf_h=207)
  Mask pixel count: 39473, Expected ellipse area: 39506.3
  Mask size: (243, 207)

Effect Slipery Layer_6:
  TMX raw: obj.x=1834.55, obj.y=1268.97, obj.width=890.909, obj.height=758.061
  Scaling: sx=0.2727272727272727, sy=0.2727272727272727, TILESIZE=150, tilewidth=550, tileheight=550
  Calculated: x_game=500.3318181818181, y_game=346.08272727272725, w_game=242.9751818181818, h_game=206.74390909090909
  Final rect: <rect(500, 346, 243, 207)> (surf_w=243, surf_h=207)
  Mask pixel count: 39473, Expected ellipse area: 39506.3
  Mask size: (243, 207)

Effect Slipery Layer_7:
  TMX raw: obj.x=3322.55, obj.y=1820.97, obj.width=890.909, obj.height=758.061
  Scaling: sx=0.2727272727272727, sy=0.2727272727272727, TILESIZE=150, tilewidth=550, tileheight=550
  Calculated: x_game=906.15, y_game=496.6281818181818, w_game=242.9751818181818, h_game=206.74390909090909
  Final rect: <rect(906, 496, 243, 207)> (surf_w=243, surf_h=207)
  Mask pixel count: 39473, Expected ellipse area: 39506.3
  Mask size: (243, 207)

Effect Slipery Layer_8:
  TMX raw: obj.x=5146.55, obj.y=2932.97, obj.width=890.909, obj.height=758.061
  Scaling: sx=0.2727272727272727, sy=0.2727272727272727, TILESIZE=150, tilewidth=550, tileheight=550
  Calculated: x_game=1403.6045454545454, y_game=799.900909090909, w_game=242.9751818181818, h_game=206.74390909090909
  Final rect: <rect(1403, 799, 243, 207)> (surf_w=243, surf_h=207)
  Mask pixel count: 39473, Expected ellipse area: 39506.3
  Mask size: (243, 207)

Effect Slipery Layer_9:
  TMX raw: obj.x=6210.66, obj.y=3498.49, obj.width=1634.67, obj.height=699.03
  Scaling: sx=0.2727272727272727, sy=0.2727272727272727, TILESIZE=150, tilewidth=550, tileheight=550
  Calculated: x_game=1693.8163636363636, y_game=954.1336363636362, w_game=445.8190909090909, h_game=190.64454545454544
  Final rect: <rect(1693, 954, 446, 191)> (surf_w=446, surf_h=191)
  Mask pixel count: 85186, Expected ellipse area: 85186.0
  Mask size: (446, 191)

Effect Slipery Layer_10:
  TMX raw: obj.x=3942.66, obj.y=2402.49, obj.width=2122.67, obj.height=707.03
  Scaling: sx=0.2727272727272727, sy=0.2727272727272727, TILESIZE=150, tilewidth=550, tileheight=550
  Calculated: x_game=1075.270909090909, y_game=655.2245454545454, w_game=578.91, h_game=192.82636363636362
  Final rect: <rect(1075, 655, 579, 193)> (surf_w=579, surf_h=193)
  Mask pixel count: 111747, Expected ellipse area: 111747.0
  Mask size: (579, 193)

Effect Slipery Layer_11:
  TMX raw: obj.x=3482.55, obj.y=2380.97, obj.width=890.909, obj.height=758.061
  Scaling: sx=0.2727272727272727, sy=0.2727272727272727, TILESIZE=150, tilewidth=550, tileheight=550
  Calculated: x_game=949.7863636363636, y_game=649.3554545454544, w_game=242.9751818181818, h_game=206.74390909090909
  Final rect: <rect(949, 649, 243, 207)> (surf_w=243, surf_h=207)
  Mask pixel count: 39473, Expected ellipse area: 39506.3
  Mask size: (243, 207)

Effect Slipery Layer_12:
  TMX raw: obj.x=5674.55, obj.y=3468.97, obj.width=890.909, obj.height=758.061
  Scaling: sx=0.2727272727272727, sy=0.2727272727272727, TILESIZE=150, tilewidth=550, tileheight=550
  Calculated: x_game=1547.6045454545454, y_game=946.0827272727272, w_game=242.9751818181818, h_game=206.74390909090909
  Final rect: <rect(1547, 946, 243, 207)> (surf_w=243, surf_h=207)
  Mask pixel count: 39473, Expected ellipse area: 39506.3
  Mask size: (243, 207)

Effect Slipery Layer_13:
  TMX raw: obj.x=5518.66, obj.y=2962.49, obj.width=1634.67, obj.height=699.03
  Scaling: sx=0.2727272727272727, sy=0.2727272727272727, TILESIZE=150, tilewidth=550, tileheight=550
  Calculated: x_game=1505.0890909090908, y_game=807.9518181818181, w_game=445.8190909090909, h_game=190.64454545454544
  Final rect: <rect(1505, 807, 446, 191)> (surf_w=446, surf_h=191)
  Mask pixel count: 85186, Expected ellipse area: 85186.0
  Mask size: (446, 191)

Effect Slipery Layer_14:
  TMX raw: obj.x=6610.55, obj.y=2924.97, obj.width=890.909, obj.height=758.061
  Scaling: sx=0.2727272727272727, sy=0.2727272727272727, TILESIZE=150, tilewidth=550, tileheight=550
  Calculated: x_game=1802.8772727272726, y_game=797.7190909090908, w_game=242.9751818181818, h_game=206.74390909090909
  Final rect: <rect(1802, 797, 243, 207)> (surf_w=243, surf_h=207)
  Mask pixel count: 39473, Expected ellipse area: 39506.3
  Mask size: (243, 207)

Effect Slipery Layer_15:
  TMX raw: obj.x=5530.55, obj.y=2356.97, obj.width=890.909, obj.height=758.061
  Scaling: sx=0.2727272727272727, sy=0.2727272727272727, TILESIZE=150, tilewidth=550, tileheight=550
  Calculated: x_game=1508.331818181818, y_game=642.81, w_game=242.9751818181818, h_game=206.74390909090909
  Final rect: <rect(1508, 642, 243, 207)> (surf_w=243, surf_h=207)
  Mask pixel count: 39473, Expected ellipse area: 39506.3
  Mask size: (243, 207)

Effect Slipery Layer_16:
  TMX raw: obj.x=2226.55, obj.y=1268.97, obj.width=890.909, obj.height=758.061
  Scaling: sx=0.2727272727272727, sy=0.2727272727272727, TILESIZE=150, tilewidth=550, tileheight=550
  Calculated: x_game=607.2409090909091, y_game=346.08272727272725, w_game=242.9751818181818, h_game=206.74390909090909
  Final rect: <rect(607, 346, 243, 207)> (surf_w=243, surf_h=207)
  Mask pixel count: 39473, Expected ellipse area: 39506.3
  Mask size: (243, 207)

Effect Slipery Layer_17:
  TMX raw: obj.x=1884.0, obj.y=1468.0, obj.width=132.0, obj.height=128.0
  Scaling: sx=0.2727272727272727, sy=0.2727272727272727, TILESIZE=150, tilewidth=550, tileheight=550
  Calculated: x_game=513.8181818181818, y_game=400.3636363636363, w_game=36.0, h_game=34.90909090909091
  Final rect: <rect(513, 400, 36, 35)> (surf_w=36, surf_h=35)
  Mask pixel count: 0, Expected ellipse area: 1260.0
  Mask size: (36, 35)

Effect Slipery Layer_18:
  TMX raw: obj.x=2580.0, obj.y=1172.0, obj.width=140.0, obj.height=116.0
  Scaling: sx=0.2727272727272727, sy=0.2727272727272727, TILESIZE=150, tilewidth=550, tileheight=550
  Calculated: x_game=703.6363636363636, y_game=319.6363636363636, w_game=38.18181818181818, h_game=31.636363636363633
  Final rect: <rect(703, 319, 38, 32)> (surf_w=38, surf_h=32)
  Mask pixel count: 0, Expected ellipse area: 1216.0
  Mask size: (38, 32)

Effect Slipery Layer_19:
  TMX raw: obj.x=3124.0, obj.y=1704.0, obj.width=252.0, obj.height=144.0
  Scaling: sx=0.2727272727272727, sy=0.2727272727272727, TILESIZE=150, tilewidth=550, tileheight=550
  Calculated: x_game=851.9999999999999, y_game=464.7272727272727, w_game=68.72727272727272, h_game=39.272727272727266
  Final rect: <rect(851, 464, 69, 39)> (surf_w=69, surf_h=39)
  Mask pixel count: 0, Expected ellipse area: 2691.0
  Mask size: (69, 39)

Effect Slipery Layer_20:
  TMX raw: obj.x=3320.0, obj.y=2560.0, obj.width=232.0, obj.height=152.0
  Scaling: sx=0.2727272727272727, sy=0.2727272727272727, TILESIZE=150, tilewidth=550, tileheight=550
  Calculated: x_game=905.4545454545454, y_game=698.1818181818181, w_game=63.272727272727266, h_game=41.45454545454545
  Final rect: <rect(905, 698, 63, 41)> (surf_w=63, surf_h=41)
  Mask pixel count: 0, Expected ellipse area: 2583.0
  Mask size: (63, 41)

Effect Slipery Layer_21:
  TMX raw: obj.x=2376.0, obj.y=2156.0, obj.width=172.0, obj.height=164.0
  Scaling: sx=0.2727272727272727, sy=0.2727272727272727, TILESIZE=150, tilewidth=550, tileheight=550
  Calculated: x_game=648.0, y_game=588.0, w_game=46.90909090909091, h_game=44.72727272727273
  Final rect: <rect(648, 588, 47, 45)> (surf_w=47, surf_h=45)
  Mask pixel count: 0, Expected ellipse area: 2115.0
  Mask size: (47, 45)

Effect Slipery Layer_22:
  TMX raw: obj.x=4216.0, obj.y=2236.0, obj.width=240.0, obj.height=160.0
  Scaling: sx=0.2727272727272727, sy=0.2727272727272727, TILESIZE=150, tilewidth=550, tileheight=550
  Calculated: x_game=1149.8181818181818, y_game=609.8181818181818, w_game=65.45454545454545, h_game=43.63636363636363
  Final rect: <rect(1149, 609, 65, 44)> (surf_w=65, surf_h=44)
  Mask pixel count: 0, Expected ellipse area: 2860.0
  Mask size: (65, 44)

Effect Slipery Layer_23:
  TMX raw: obj.x=5212.0, obj.y=3120.0, obj.width=228.0, obj.height=204.0
  Scaling: sx=0.2727272727272727, sy=0.2727272727272727, TILESIZE=150, tilewidth=550, tileheight=550
  Calculated: x_game=1421.4545454545453, y_game=850.9090909090909, w_game=62.18181818181818, h_game=55.63636363636363
  Final rect: <rect(1421, 850, 62, 56)> (surf_w=62, surf_h=56)
  Mask pixel count: 0, Expected ellipse area: 3472.0
  Mask size: (62, 56)

Effect Slipery Layer_24:
  TMX raw: obj.x=6424.0, obj.y=2816.0, obj.width=336.0, obj.height=148.0
  Scaling: sx=0.2727272727272727, sy=0.2727272727272727, TILESIZE=150, tilewidth=550, tileheight=550
  Calculated: x_game=1751.9999999999998, y_game=768.0, w_game=91.63636363636363, h_game=40.36363636363636
  Final rect: <rect(1751, 768, 92, 40)> (surf_w=92, surf_h=40)
  Mask pixel count: 0, Expected ellipse area: 3680.0
  Mask size: (92, 40)

Effect Slipery Layer_25:
  TMX raw: obj.x=5724.0, obj.y=3676.0, obj.width=160.0, obj.height=116.0
  Scaling: sx=0.2727272727272727, sy=0.2727272727272727, TILESIZE=150, tilewidth=550, tileheight=550
  Calculated: x_game=1561.090909090909, y_game=1002.5454545454545, w_game=43.63636363636363, h_game=31.636363636363633
  Final rect: <rect(1561, 1002, 44, 32)> (surf_w=44, surf_h=32)
  Mask pixel count: 0, Expected ellipse area: 1408.0
  Mask size: (44, 32)

Effect Slipery Layer_26:
  TMX raw: obj.x=7520.0, obj.y=3332.0, obj.width=268.0, obj.height=164.0
  Scaling: sx=0.2727272727272727, sy=0.2727272727272727, TILESIZE=150, tilewidth=550, tileheight=550
  Calculated: x_game=2050.9090909090905, y_game=908.7272727272726, w_game=73.09090909090908, h_game=44.72727272727273
  Final rect: <rect(2050, 908, 73, 45)> (surf_w=73, surf_h=45)
  Mask pixel count: 0, Expected ellipse area: 3285.0
  Mask size: (73, 45)

Effect Slipery Layer_27:
  TMX raw: obj.x=6398.66, obj.y=4802.49, obj.width=6066.67, obj.height=3243.03
  Scaling: sx=0.2727272727272727, sy=0.2727272727272727, TILESIZE=150, tilewidth=550, tileheight=550
  Calculated: x_game=1745.0890909090908, y_game=1309.7699999999998, w_game=1654.5463636363636, h_game=884.4627272727273
  Final rect: <rect(1745, 1309, 1655, 884)> (surf_w=1655, surf_h=884)
  Mask pixel count: 1463020, Expected ellipse area: 1463020.0
  Mask size: (1655, 884)

Effect Slipery Layer_28:
  TMX raw: obj.x=10142.7, obj.y=8034.49, obj.width=2818.67, obj.height=2923.03
  Scaling: sx=0.2727272727272727, sy=0.2727272727272727, TILESIZE=150, tilewidth=550, tileheight=550
  Calculated: x_game=2766.190909090909, y_game=2191.224545454545, w_game=768.7281818181817, h_game=797.1899999999999
  Final rect: <rect(2766, 2191, 769, 797)> (surf_w=769, surf_h=797)
  Mask pixel count: 612893, Expected ellipse area: 612893.0
  Mask size: (769, 797)

Effect Slipery Layer_29:
  TMX raw: obj.x=9326.67, obj.y=5482.49, obj.width=3682.67, obj.height=3675.03
  Scaling: sx=0.2727272727272727, sy=0.2727272727272727, TILESIZE=150, tilewidth=550, tileheight=550
  Calculated: x_game=2543.6372727272724, y_game=1495.2245454545453, w_game=1004.3645454545454, h_game=1002.2809090909091
  Final rect: <rect(2543, 1495, 1004, 1002)> (surf_w=1004, surf_h=1002)
  Mask pixel count: 1006008, Expected ellipse area: 1006008.0
  Mask size: (1004, 1002)

Effect Slipery Layer_30:
  TMX raw: obj.x=7918.67, obj.y=5418.49, obj.width=2818.67, obj.height=2923.03
  Scaling: sx=0.2727272727272727, sy=0.2727272727272727, TILESIZE=150, tilewidth=550, tileheight=550
  Calculated: x_game=2159.6372727272724, y_game=1477.7699999999998, w_game=768.7281818181817, h_game=797.1899999999999
  Final rect: <rect(2159, 1477, 769, 797)> (surf_w=769, surf_h=797)
  Mask pixel count: 612893, Expected ellipse area: 612893.0
  Mask size: (769, 797)

Effect Slipery Layer_0:
  TMX raw: obj.x=2762.91, obj.y=1852.12, obj.width=1050.67, obj.height=699.03
  Scaling: sx=0.2727272727272727, sy=0.2727272727272727, TILESIZE=150, tilewidth=550, tileheight=550
  Calculated: x_game=753.520909090909, y_game=505.1236363636363, w_game=286.54636363636365, h_game=190.64454545454544
  Final rect: <rect(753, 505, 287, 191)> (surf_w=287, surf_h=191)
  Mask pixel count: 54817, Expected ellipse area: 54817.0
  Mask size: (287, 191)

Effect Slipery Layer_1:
  TMX raw: obj.x=1281.94, obj.y=726.182, obj.width=890.909, obj.height=758.061
  Scaling: sx=0.2727272727272727, sy=0.2727272727272727, TILESIZE=150, tilewidth=550, tileheight=550
  Calculated: x_game=349.62, y_game=198.04963636363635, w_game=242.9751818181818, h_game=206.74390909090909
  Final rect: <rect(349, 198, 243, 207)> (surf_w=243, surf_h=207)
  Mask pixel count: 39473, Expected ellipse area: 39506.3
  Mask size: (243, 207)

Effect Slipery Layer_2:
  TMX raw: obj.x=1680.0, obj.y=732.242, obj.width=890.909, obj.height=758.061
  Scaling: sx=0.2727272727272727, sy=0.2727272727272727, TILESIZE=150, tilewidth=550, tileheight=550
  Calculated: x_game=458.18181818181813, y_game=199.7023636363636, w_game=242.9751818181818, h_game=206.74390909090909
  Final rect: <rect(458, 199, 243, 207)> (surf_w=243, surf_h=207)
  Mask pixel count: 39473, Expected ellipse area: 39506.3
  Mask size: (243, 207)

Effect Slipery Layer_3:
  TMX raw: obj.x=1584.73, obj.y=1669.45, obj.width=103.03031, obj.height=84.8485
  Scaling: sx=0.2727272727272727, sy=0.2727272727272727, TILESIZE=150, tilewidth=550, tileheight=550
  Calculated: x_game=432.1990909090909, y_game=455.3045454545454, w_game=28.099175454545453, h_game=23.1405
  Final rect: <rect(432, 455, 28, 23)> (surf_w=28, surf_h=23)
  Mask pixel count: 0, Expected ellipse area: 644.0
  Mask size: (28, 23)

Effect Slipery Layer_4:
  TMX raw: obj.x=1716.48, obj.y=2136.36, obj.width=103.03031, obj.height=84.8485
  Scaling: sx=0.2727272727272727, sy=0.2727272727272727, TILESIZE=150, tilewidth=550, tileheight=550
  Calculated: x_game=468.1309090909091, y_game=582.6436363636363, w_game=28.099175454545453, h_game=23.1405
  Final rect: <rect(468, 582, 28, 23)> (surf_w=28, surf_h=23)
  Mask pixel count: 0, Expected ellipse area: 644.0
  Mask size: (28, 23)

Effect Slipery Layer_5:
  TMX raw: obj.x=2386.55, obj.y=1828.97, obj.width=890.909, obj.height=758.061
  Scaling: sx=0.2727272727272727, sy=0.2727272727272727, TILESIZE=150, tilewidth=550, tileheight=550
  Calculated: x_game=650.8772727272727, y_game=498.80999999999995, w_game=242.9751818181818, h_game=206.74390909090909
  Final rect: <rect(650, 498, 243, 207)> (surf_w=243, surf_h=207)
  Mask pixel count: 39473, Expected ellipse area: 39506.3
  Mask size: (243, 207)

Effect Slipery Layer_6:
  TMX raw: obj.x=1834.55, obj.y=1268.97, obj.width=890.909, obj.height=758.061
  Scaling: sx=0.2727272727272727, sy=0.2727272727272727, TILESIZE=150, tilewidth=550, tileheight=550
  Calculated: x_game=500.3318181818181, y_game=346.08272727272725, w_game=242.9751818181818, h_game=206.74390909090909
  Final rect: <rect(500, 346, 243, 207)> (surf_w=243, surf_h=207)
  Mask pixel count: 39473, Expected ellipse area: 39506.3
  Mask size: (243, 207)

Effect Slipery Layer_7:
  TMX raw: obj.x=3322.55, obj.y=1820.97, obj.width=890.909, obj.height=758.061
  Scaling: sx=0.2727272727272727, sy=0.2727272727272727, TILESIZE=150, tilewidth=550, tileheight=550
  Calculated: x_game=906.15, y_game=496.6281818181818, w_game=242.9751818181818, h_game=206.74390909090909
  Final rect: <rect(906, 496, 243, 207)> (surf_w=243, surf_h=207)
  Mask pixel count: 39473, Expected ellipse area: 39506.3
  Mask size: (243, 207)

Effect Slipery Layer_8:
  TMX raw: obj.x=5146.55, obj.y=2932.97, obj.width=890.909, obj.height=758.061
  Scaling: sx=0.2727272727272727, sy=0.2727272727272727, TILESIZE=150, tilewidth=550, tileheight=550
  Calculated: x_game=1403.6045454545454, y_game=799.900909090909, w_game=242.9751818181818, h_game=206.74390909090909
  Final rect: <rect(1403, 799, 243, 207)> (surf_w=243, surf_h=207)
  Mask pixel count: 39473, Expected ellipse area: 39506.3
  Mask size: (243, 207)

Effect Slipery Layer_9:
  TMX raw: obj.x=6210.66, obj.y=3498.49, obj.width=1634.67, obj.height=699.03
  Scaling: sx=0.2727272727272727, sy=0.2727272727272727, TILESIZE=150, tilewidth=550, tileheight=550
  Calculated: x_game=1693.8163636363636, y_game=954.1336363636362, w_game=445.8190909090909, h_game=190.64454545454544
  Final rect: <rect(1693, 954, 446, 191)> (surf_w=446, surf_h=191)
  Mask pixel count: 85186, Expected ellipse area: 85186.0
  Mask size: (446, 191)

Effect Slipery Layer_10:
  TMX raw: obj.x=3942.66, obj.y=2402.49, obj.width=2122.67, obj.height=707.03
  Scaling: sx=0.2727272727272727, sy=0.2727272727272727, TILESIZE=150, tilewidth=550, tileheight=550
  Calculated: x_game=1075.270909090909, y_game=655.2245454545454, w_game=578.91, h_game=192.82636363636362
  Final rect: <rect(1075, 655, 579, 193)> (surf_w=579, surf_h=193)
  Mask pixel count: 111747, Expected ellipse area: 111747.0
  Mask size: (579, 193)

Effect Slipery Layer_11:
  TMX raw: obj.x=3482.55, obj.y=2380.97, obj.width=890.909, obj.height=758.061
  Scaling: sx=0.2727272727272727, sy=0.2727272727272727, TILESIZE=150, tilewidth=550, tileheight=550
  Calculated: x_game=949.7863636363636, y_game=649.3554545454544, w_game=242.9751818181818, h_game=206.74390909090909
  Final rect: <rect(949, 649, 243, 207)> (surf_w=243, surf_h=207)
  Mask pixel count: 39473, Expected ellipse area: 39506.3
  Mask size: (243, 207)

Effect Slipery Layer_12:
  TMX raw: obj.x=5674.55, obj.y=3468.97, obj.width=890.909, obj.height=758.061
  Scaling: sx=0.2727272727272727, sy=0.2727272727272727, TILESIZE=150, tilewidth=550, tileheight=550
  Calculated: x_game=1547.6045454545454, y_game=946.0827272727272, w_game=242.9751818181818, h_game=206.74390909090909
  Final rect: <rect(1547, 946, 243, 207)> (surf_w=243, surf_h=207)
  Mask pixel count: 39473, Expected ellipse area: 39506.3
  Mask size: (243, 207)

Effect Slipery Layer_13:
  TMX raw: obj.x=5518.66, obj.y=2962.49, obj.width=1634.67, obj.height=699.03
  Scaling: sx=0.2727272727272727, sy=0.2727272727272727, TILESIZE=150, tilewidth=550, tileheight=550
  Calculated: x_game=1505.0890909090908, y_game=807.9518181818181, w_game=445.8190909090909, h_game=190.64454545454544
  Final rect: <rect(1505, 807, 446, 191)> (surf_w=446, surf_h=191)
  Mask pixel count: 85186, Expected ellipse area: 85186.0
  Mask size: (446, 191)

Effect Slipery Layer_14:
  TMX raw: obj.x=6610.55, obj.y=2924.97, obj.width=890.909, obj.height=758.061
  Scaling: sx=0.2727272727272727, sy=0.2727272727272727, TILESIZE=150, tilewidth=550, tileheight=550
  Calculated: x_game=1802.8772727272726, y_game=797.7190909090908, w_game=242.9751818181818, h_game=206.74390909090909
  Final rect: <rect(1802, 797, 243, 207)> (surf_w=243, surf_h=207)
  Mask pixel count: 39473, Expected ellipse area: 39506.3
  Mask size: (243, 207)

Effect Slipery Layer_15:
  TMX raw: obj.x=5530.55, obj.y=2356.97, obj.width=890.909, obj.height=758.061
  Scaling: sx=0.2727272727272727, sy=0.2727272727272727, TILESIZE=150, tilewidth=550, tileheight=550
  Calculated: x_game=1508.331818181818, y_game=642.81, w_game=242.9751818181818, h_game=206.74390909090909
  Final rect: <rect(1508, 642, 243, 207)> (surf_w=243, surf_h=207)
  Mask pixel count: 39473, Expected ellipse area: 39506.3
  Mask size: (243, 207)

Effect Slipery Layer_16:
  TMX raw: obj.x=2226.55, obj.y=1268.97, obj.width=890.909, obj.height=758.061
  Scaling: sx=0.2727272727272727, sy=0.2727272727272727, TILESIZE=150, tilewidth=550, tileheight=550
  Calculated: x_game=607.2409090909091, y_game=346.08272727272725, w_game=242.9751818181818, h_game=206.74390909090909
  Final rect: <rect(607, 346, 243, 207)> (surf_w=243, surf_h=207)
  Mask pixel count: 39473, Expected ellipse area: 39506.3
  Mask size: (243, 207)

Effect Slipery Layer_17:
  TMX raw: obj.x=1884.0, obj.y=1468.0, obj.width=132.0, obj.height=128.0
  Scaling: sx=0.2727272727272727, sy=0.2727272727272727, TILESIZE=150, tilewidth=550, tileheight=550
  Calculated: x_game=513.8181818181818, y_game=400.3636363636363, w_game=36.0, h_game=34.90909090909091
  Final rect: <rect(513, 400, 36, 35)> (surf_w=36, surf_h=35)
  Mask pixel count: 0, Expected ellipse area: 1260.0
  Mask size: (36, 35)

Effect Slipery Layer_18:
  TMX raw: obj.x=2580.0, obj.y=1172.0, obj.width=140.0, obj.height=116.0
  Scaling: sx=0.2727272727272727, sy=0.2727272727272727, TILESIZE=150, tilewidth=550, tileheight=550
  Calculated: x_game=703.6363636363636, y_game=319.6363636363636, w_game=38.18181818181818, h_game=31.636363636363633
  Final rect: <rect(703, 319, 38, 32)> (surf_w=38, surf_h=32)
  Mask pixel count: 0, Expected ellipse area: 1216.0
  Mask size: (38, 32)

Effect Slipery Layer_19:
  TMX raw: obj.x=3124.0, obj.y=1704.0, obj.width=252.0, obj.height=144.0
  Scaling: sx=0.2727272727272727, sy=0.2727272727272727, TILESIZE=150, tilewidth=550, tileheight=550
  Calculated: x_game=851.9999999999999, y_game=464.7272727272727, w_game=68.72727272727272, h_game=39.272727272727266
  Final rect: <rect(851, 464, 69, 39)> (surf_w=69, surf_h=39)
  Mask pixel count: 0, Expected ellipse area: 2691.0
  Mask size: (69, 39)

Effect Slipery Layer_20:
  TMX raw: obj.x=3320.0, obj.y=2560.0, obj.width=232.0, obj.height=152.0
  Scaling: sx=0.2727272727272727, sy=0.2727272727272727, TILESIZE=150, tilewidth=550, tileheight=550
  Calculated: x_game=905.4545454545454, y_game=698.1818181818181, w_game=63.272727272727266, h_game=41.45454545454545
  Final rect: <rect(905, 698, 63, 41)> (surf_w=63, surf_h=41)
  Mask pixel count: 0, Expected ellipse area: 2583.0
  Mask size: (63, 41)

Effect Slipery Layer_21:
  TMX raw: obj.x=2376.0, obj.y=2156.0, obj.width=172.0, obj.height=164.0
  Scaling: sx=0.2727272727272727, sy=0.2727272727272727, TILESIZE=150, tilewidth=550, tileheight=550
  Calculated: x_game=648.0, y_game=588.0, w_game=46.90909090909091, h_game=44.72727272727273
  Final rect: <rect(648, 588, 47, 45)> (surf_w=47, surf_h=45)
  Mask pixel count: 0, Expected ellipse area: 2115.0
  Mask size: (47, 45)

Effect Slipery Layer_22:
  TMX raw: obj.x=4216.0, obj.y=2236.0, obj.width=240.0, obj.height=160.0
  Scaling: sx=0.2727272727272727, sy=0.2727272727272727, TILESIZE=150, tilewidth=550, tileheight=550
  Calculated: x_game=1149.8181818181818, y_game=609.8181818181818, w_game=65.45454545454545, h_game=43.63636363636363
  Final rect: <rect(1149, 609, 65, 44)> (surf_w=65, surf_h=44)
  Mask pixel count: 0, Expected ellipse area: 2860.0
  Mask size: (65, 44)

Effect Slipery Layer_23:
  TMX raw: obj.x=5212.0, obj.y=3120.0, obj.width=228.0, obj.height=204.0
  Scaling: sx=0.2727272727272727, sy=0.2727272727272727, TILESIZE=150, tilewidth=550, tileheight=550
  Calculated: x_game=1421.4545454545453, y_game=850.9090909090909, w_game=62.18181818181818, h_game=55.63636363636363
  Final rect: <rect(1421, 850, 62, 56)> (surf_w=62, surf_h=56)
  Mask pixel count: 0, Expected ellipse area: 3472.0
  Mask size: (62, 56)

Effect Slipery Layer_24:
  TMX raw: obj.x=6424.0, obj.y=2816.0, obj.width=336.0, obj.height=148.0
  Scaling: sx=0.2727272727272727, sy=0.2727272727272727, TILESIZE=150, tilewidth=550, tileheight=550
  Calculated: x_game=1751.9999999999998, y_game=768.0, w_game=91.63636363636363, h_game=40.36363636363636
  Final rect: <rect(1751, 768, 92, 40)> (surf_w=92, surf_h=40)
  Mask pixel count: 0, Expected ellipse area: 3680.0
  Mask size: (92, 40)

Effect Slipery Layer_25:
  TMX raw: obj.x=5724.0, obj.y=3676.0, obj.width=160.0, obj.height=116.0
  Scaling: sx=0.2727272727272727, sy=0.2727272727272727, TILESIZE=150, tilewidth=550, tileheight=550
  Calculated: x_game=1561.090909090909, y_game=1002.5454545454545, w_game=43.63636363636363, h_game=31.636363636363633
  Final rect: <rect(1561, 1002, 44, 32)> (surf_w=44, surf_h=32)
  Mask pixel count: 0, Expected ellipse area: 1408.0
  Mask size: (44, 32)

Effect Slipery Layer_26:
  TMX raw: obj.x=7520.0, obj.y=3332.0, obj.width=268.0, obj.height=164.0
  Scaling: sx=0.2727272727272727, sy=0.2727272727272727, TILESIZE=150, tilewidth=550, tileheight=550
  Calculated: x_game=2050.9090909090905, y_game=908.7272727272726, w_game=73.09090909090908, h_game=44.72727272727273
  Final rect: <rect(2050, 908, 73, 45)> (surf_w=73, surf_h=45)
  Mask pixel count: 0, Expected ellipse area: 3285.0
  Mask size: (73, 45)

Effect Slipery Layer_27:
  TMX raw: obj.x=6398.66, obj.y=4802.49, obj.width=6066.67, obj.height=3243.03
  Scaling: sx=0.2727272727272727, sy=0.2727272727272727, TILESIZE=150, tilewidth=550, tileheight=550
  Calculated: x_game=1745.0890909090908, y_game=1309.7699999999998, w_game=1654.5463636363636, h_game=884.4627272727273
  Final rect: <rect(1745, 1309, 1655, 884)> (surf_w=1655, surf_h=884)
  Mask pixel count: 1463020, Expected ellipse area: 1463020.0
  Mask size: (1655, 884)

Effect Slipery Layer_28:
  TMX raw: obj.x=10142.7, obj.y=8034.49, obj.width=2818.67, obj.height=2923.03
  Scaling: sx=0.2727272727272727, sy=0.2727272727272727, TILESIZE=150, tilewidth=550, tileheight=550
  Calculated: x_game=2766.190909090909, y_game=2191.224545454545, w_game=768.7281818181817, h_game=797.1899999999999
  Final rect: <rect(2766, 2191, 769, 797)> (surf_w=769, surf_h=797)
  Mask pixel count: 612893, Expected ellipse area: 612893.0
  Mask size: (769, 797)

Effect Slipery Layer_29:
  TMX raw: obj.x=9326.67, obj.y=5482.49, obj.width=3682.67, obj.height=3675.03
  Scaling: sx=0.2727272727272727, sy=0.2727272727272727, TILESIZE=150, tilewidth=550, tileheight=550
  Calculated: x_game=2543.6372727272724, y_game=1495.2245454545453, w_game=1004.3645454545454, h_game=1002.2809090909091
  Final rect: <rect(2543, 1495, 1004, 1002)> (surf_w=1004, surf_h=1002)
  Mask pixel count: 1006008, Expected ellipse area: 1006008.0
  Mask size: (1004, 1002)

Effect Slipery Layer_30:
  TMX raw: obj.x=7918.67, obj.y=5418.49, obj.width=2818.67, obj.height=2923.03
  Scaling: sx=0.2727272727272727, sy=0.2727272727272727, TILESIZE=150, tilewidth=550, tileheight=550
  Calculated: x_game=2159.6372727272724, y_game=1477.7699999999998, w_game=768.7281818181817, h_game=797.1899999999999
  Final rect: <rect(2159, 1477, 769, 797)> (surf_w=769, surf_h=797)
  Mask pixel count: 612893, Expected ellipse area: 612893.0
  Mask size: (769, 797)

Effect Slipery Layer_0:
  TMX raw: obj.x=2762.91, obj.y=1852.12, obj.width=1050.67, obj.height=699.03
  Scaling: sx=0.2727272727272727, sy=0.2727272727272727, TILESIZE=150, tilewidth=550, tileheight=550
  Calculated: x_game=753.520909090909, y_game=505.1236363636363, w_game=286.54636363636365, h_game=190.64454545454544
  Final rect: <rect(753, 505, 287, 191)> (surf_w=287, surf_h=191)
  Mask pixel count: 54817, Expected ellipse area: 54817.0
  Mask size: (287, 191)

Effect Slipery Layer_1:
  TMX raw: obj.x=1281.94, obj.y=726.182, obj.width=890.909, obj.height=758.061
  Scaling: sx=0.2727272727272727, sy=0.2727272727272727, TILESIZE=150, tilewidth=550, tileheight=550
  Calculated: x_game=349.62, y_game=198.04963636363635, w_game=242.9751818181818, h_game=206.74390909090909
  Final rect: <rect(349, 198, 243, 207)> (surf_w=243, surf_h=207)
  Mask pixel count: 39473, Expected ellipse area: 39506.3
  Mask size: (243, 207)

Effect Slipery Layer_2:
  TMX raw: obj.x=1680.0, obj.y=732.242, obj.width=890.909, obj.height=758.061
  Scaling: sx=0.2727272727272727, sy=0.2727272727272727, TILESIZE=150, tilewidth=550, tileheight=550
  Calculated: x_game=458.18181818181813, y_game=199.7023636363636, w_game=242.9751818181818, h_game=206.74390909090909
  Final rect: <rect(458, 199, 243, 207)> (surf_w=243, surf_h=207)
  Mask pixel count: 39473, Expected ellipse area: 39506.3
  Mask size: (243, 207)

Effect Slipery Layer_3:
  TMX raw: obj.x=1584.73, obj.y=1669.45, obj.width=103.03031, obj.height=84.8485
  Scaling: sx=0.2727272727272727, sy=0.2727272727272727, TILESIZE=150, tilewidth=550, tileheight=550
  Calculated: x_game=432.1990909090909, y_game=455.3045454545454, w_game=28.099175454545453, h_game=23.1405
  Final rect: <rect(432, 455, 28, 23)> (surf_w=28, surf_h=23)
  Mask pixel count: 0, Expected ellipse area: 644.0
  Mask size: (28, 23)

Effect Slipery Layer_4:
  TMX raw: obj.x=1716.48, obj.y=2136.36, obj.width=103.03031, obj.height=84.8485
  Scaling: sx=0.2727272727272727, sy=0.2727272727272727, TILESIZE=150, tilewidth=550, tileheight=550
  Calculated: x_game=468.1309090909091, y_game=582.6436363636363, w_game=28.099175454545453, h_game=23.1405
  Final rect: <rect(468, 582, 28, 23)> (surf_w=28, surf_h=23)
  Mask pixel count: 0, Expected ellipse area: 644.0
  Mask size: (28, 23)

Effect Slipery Layer_5:
  TMX raw: obj.x=2386.55, obj.y=1828.97, obj.width=890.909, obj.height=758.061
  Scaling: sx=0.2727272727272727, sy=0.2727272727272727, TILESIZE=150, tilewidth=550, tileheight=550
  Calculated: x_game=650.8772727272727, y_game=498.80999999999995, w_game=242.9751818181818, h_game=206.74390909090909
  Final rect: <rect(650, 498, 243, 207)> (surf_w=243, surf_h=207)
  Mask pixel count: 39473, Expected ellipse area: 39506.3
  Mask size: (243, 207)

Effect Slipery Layer_6:
  TMX raw: obj.x=1834.55, obj.y=1268.97, obj.width=890.909, obj.height=758.061
  Scaling: sx=0.2727272727272727, sy=0.2727272727272727, TILESIZE=150, tilewidth=550, tileheight=550
  Calculated: x_game=500.3318181818181, y_game=346.08272727272725, w_game=242.9751818181818, h_game=206.74390909090909
  Final rect: <rect(500, 346, 243, 207)> (surf_w=243, surf_h=207)
  Mask pixel count: 39473, Expected ellipse area: 39506.3
  Mask size: (243, 207)

Effect Slipery Layer_7:
  TMX raw: obj.x=3322.55, obj.y=1820.97, obj.width=890.909, obj.height=758.061
  Scaling: sx=0.2727272727272727, sy=0.2727272727272727, TILESIZE=150, tilewidth=550, tileheight=550
  Calculated: x_game=906.15, y_game=496.6281818181818, w_game=242.9751818181818, h_game=206.74390909090909
  Final rect: <rect(906, 496, 243, 207)> (surf_w=243, surf_h=207)
  Mask pixel count: 39473, Expected ellipse area: 39506.3
  Mask size: (243, 207)

Effect Slipery Layer_8:
  TMX raw: obj.x=5146.55, obj.y=2932.97, obj.width=890.909, obj.height=758.061
  Scaling: sx=0.2727272727272727, sy=0.2727272727272727, TILESIZE=150, tilewidth=550, tileheight=550
  Calculated: x_game=1403.6045454545454, y_game=799.900909090909, w_game=242.9751818181818, h_game=206.74390909090909
  Final rect: <rect(1403, 799, 243, 207)> (surf_w=243, surf_h=207)
  Mask pixel count: 39473, Expected ellipse area: 39506.3
  Mask size: (243, 207)

Effect Slipery Layer_9:
  TMX raw: obj.x=6210.66, obj.y=3498.49, obj.width=1634.67, obj.height=699.03
  Scaling: sx=0.2727272727272727, sy=0.2727272727272727, TILESIZE=150, tilewidth=550, tileheight=550
  Calculated: x_game=1693.8163636363636, y_game=954.1336363636362, w_game=445.8190909090909, h_game=190.64454545454544
  Final rect: <rect(1693, 954, 446, 191)> (surf_w=446, surf_h=191)
  Mask pixel count: 85186, Expected ellipse area: 85186.0
  Mask size: (446, 191)

Effect Slipery Layer_10:
  TMX raw: obj.x=3942.66, obj.y=2402.49, obj.width=2122.67, obj.height=707.03
  Scaling: sx=0.2727272727272727, sy=0.2727272727272727, TILESIZE=150, tilewidth=550, tileheight=550
  Calculated: x_game=1075.270909090909, y_game=655.2245454545454, w_game=578.91, h_game=192.82636363636362
  Final rect: <rect(1075, 655, 579, 193)> (surf_w=579, surf_h=193)
  Mask pixel count: 111747, Expected ellipse area: 111747.0
  Mask size: (579, 193)

Effect Slipery Layer_11:
  TMX raw: obj.x=3482.55, obj.y=2380.97, obj.width=890.909, obj.height=758.061
  Scaling: sx=0.2727272727272727, sy=0.2727272727272727, TILESIZE=150, tilewidth=550, tileheight=550
  Calculated: x_game=949.7863636363636, y_game=649.3554545454544, w_game=242.9751818181818, h_game=206.74390909090909
  Final rect: <rect(949, 649, 243, 207)> (surf_w=243, surf_h=207)
  Mask pixel count: 39473, Expected ellipse area: 39506.3
  Mask size: (243, 207)

Effect Slipery Layer_12:
  TMX raw: obj.x=5674.55, obj.y=3468.97, obj.width=890.909, obj.height=758.061
  Scaling: sx=0.2727272727272727, sy=0.2727272727272727, TILESIZE=150, tilewidth=550, tileheight=550
  Calculated: x_game=1547.6045454545454, y_game=946.0827272727272, w_game=242.9751818181818, h_game=206.74390909090909
  Final rect: <rect(1547, 946, 243, 207)> (surf_w=243, surf_h=207)
  Mask pixel count: 39473, Expected ellipse area: 39506.3
  Mask size: (243, 207)

Effect Slipery Layer_13:
  TMX raw: obj.x=5518.66, obj.y=2962.49, obj.width=1634.67, obj.height=699.03
  Scaling: sx=0.2727272727272727, sy=0.2727272727272727, TILESIZE=150, tilewidth=550, tileheight=550
  Calculated: x_game=1505.0890909090908, y_game=807.9518181818181, w_game=445.8190909090909, h_game=190.64454545454544
  Final rect: <rect(1505, 807, 446, 191)> (surf_w=446, surf_h=191)
  Mask pixel count: 85186, Expected ellipse area: 85186.0
  Mask size: (446, 191)

Effect Slipery Layer_14:
  TMX raw: obj.x=6610.55, obj.y=2924.97, obj.width=890.909, obj.height=758.061
  Scaling: sx=0.2727272727272727, sy=0.2727272727272727, TILESIZE=150, tilewidth=550, tileheight=550
  Calculated: x_game=1802.8772727272726, y_game=797.7190909090908, w_game=242.9751818181818, h_game=206.74390909090909
  Final rect: <rect(1802, 797, 243, 207)> (surf_w=243, surf_h=207)
  Mask pixel count: 39473, Expected ellipse area: 39506.3
  Mask size: (243, 207)

Effect Slipery Layer_15:
  TMX raw: obj.x=5530.55, obj.y=2356.97, obj.width=890.909, obj.height=758.061
  Scaling: sx=0.2727272727272727, sy=0.2727272727272727, TILESIZE=150, tilewidth=550, tileheight=550
  Calculated: x_game=1508.331818181818, y_game=642.81, w_game=242.9751818181818, h_game=206.74390909090909
  Final rect: <rect(1508, 642, 243, 207)> (surf_w=243, surf_h=207)
  Mask pixel count: 39473, Expected ellipse area: 39506.3
  Mask size: (243, 207)

Effect Slipery Layer_16:
  TMX raw: obj.x=2226.55, obj.y=1268.97, obj.width=890.909, obj.height=758.061
  Scaling: sx=0.2727272727272727, sy=0.2727272727272727, TILESIZE=150, tilewidth=550, tileheight=550
  Calculated: x_game=607.2409090909091, y_game=346.08272727272725, w_game=242.9751818181818, h_game=206.74390909090909
  Final rect: <rect(607, 346, 243, 207)> (surf_w=243, surf_h=207)
  Mask pixel count: 39473, Expected ellipse area: 39506.3
  Mask size: (243, 207)

Effect Slipery Layer_17:
  TMX raw: obj.x=1884.0, obj.y=1468.0, obj.width=132.0, obj.height=128.0
  Scaling: sx=0.2727272727272727, sy=0.2727272727272727, TILESIZE=150, tilewidth=550, tileheight=550
  Calculated: x_game=513.8181818181818, y_game=400.3636363636363, w_game=36.0, h_game=34.90909090909091
  Final rect: <rect(513, 400, 36, 35)> (surf_w=36, surf_h=35)
  Mask pixel count: 0, Expected ellipse area: 1260.0
  Mask size: (36, 35)

Effect Slipery Layer_18:
  TMX raw: obj.x=2580.0, obj.y=1172.0, obj.width=140.0, obj.height=116.0
  Scaling: sx=0.2727272727272727, sy=0.2727272727272727, TILESIZE=150, tilewidth=550, tileheight=550
  Calculated: x_game=703.6363636363636, y_game=319.6363636363636, w_game=38.18181818181818, h_game=31.636363636363633
  Final rect: <rect(703, 319, 38, 32)> (surf_w=38, surf_h=32)
  Mask pixel count: 0, Expected ellipse area: 1216.0
  Mask size: (38, 32)

Effect Slipery Layer_19:
  TMX raw: obj.x=3124.0, obj.y=1704.0, obj.width=252.0, obj.height=144.0
  Scaling: sx=0.2727272727272727, sy=0.2727272727272727, TILESIZE=150, tilewidth=550, tileheight=550
  Calculated: x_game=851.9999999999999, y_game=464.7272727272727, w_game=68.72727272727272, h_game=39.272727272727266
  Final rect: <rect(851, 464, 69, 39)> (surf_w=69, surf_h=39)
  Mask pixel count: 0, Expected ellipse area: 2691.0
  Mask size: (69, 39)

Effect Slipery Layer_20:
  TMX raw: obj.x=3320.0, obj.y=2560.0, obj.width=232.0, obj.height=152.0
  Scaling: sx=0.2727272727272727, sy=0.2727272727272727, TILESIZE=150, tilewidth=550, tileheight=550
  Calculated: x_game=905.4545454545454, y_game=698.1818181818181, w_game=63.272727272727266, h_game=41.45454545454545
  Final rect: <rect(905, 698, 63, 41)> (surf_w=63, surf_h=41)
  Mask pixel count: 0, Expected ellipse area: 2583.0
  Mask size: (63, 41)

Effect Slipery Layer_21:
  TMX raw: obj.x=2376.0, obj.y=2156.0, obj.width=172.0, obj.height=164.0
  Scaling: sx=0.2727272727272727, sy=0.2727272727272727, TILESIZE=150, tilewidth=550, tileheight=550
  Calculated: x_game=648.0, y_game=588.0, w_game=46.90909090909091, h_game=44.72727272727273
  Final rect: <rect(648, 588, 47, 45)> (surf_w=47, surf_h=45)
  Mask pixel count: 0, Expected ellipse area: 2115.0
  Mask size: (47, 45)

Effect Slipery Layer_22:
  TMX raw: obj.x=4216.0, obj.y=2236.0, obj.width=240.0, obj.height=160.0
  Scaling: sx=0.2727272727272727, sy=0.2727272727272727, TILESIZE=150, tilewidth=550, tileheight=550
  Calculated: x_game=1149.8181818181818, y_game=609.8181818181818, w_game=65.45454545454545, h_game=43.63636363636363
  Final rect: <rect(1149, 609, 65, 44)> (surf_w=65, surf_h=44)
  Mask pixel count: 0, Expected ellipse area: 2860.0
  Mask size: (65, 44)

Effect Slipery Layer_23:
  TMX raw: obj.x=5212.0, obj.y=3120.0, obj.width=228.0, obj.height=204.0
  Scaling: sx=0.2727272727272727, sy=0.2727272727272727, TILESIZE=150, tilewidth=550, tileheight=550
  Calculated: x_game=1421.4545454545453, y_game=850.9090909090909, w_game=62.18181818181818, h_game=55.63636363636363
  Final rect: <rect(1421, 850, 62, 56)> (surf_w=62, surf_h=56)
  Mask pixel count: 0, Expected ellipse area: 3472.0
  Mask size: (62, 56)

Effect Slipery Layer_24:
  TMX raw: obj.x=6424.0, obj.y=2816.0, obj.width=336.0, obj.height=148.0
  Scaling: sx=0.2727272727272727, sy=0.2727272727272727, TILESIZE=150, tilewidth=550, tileheight=550
  Calculated: x_game=1751.9999999999998, y_game=768.0, w_game=91.63636363636363, h_game=40.36363636363636
  Final rect: <rect(1751, 768, 92, 40)> (surf_w=92, surf_h=40)
  Mask pixel count: 0, Expected ellipse area: 3680.0
  Mask size: (92, 40)

Effect Slipery Layer_25:
  TMX raw: obj.x=5724.0, obj.y=3676.0, obj.width=160.0, obj.height=116.0
  Scaling: sx=0.2727272727272727, sy=0.2727272727272727, TILESIZE=150, tilewidth=550, tileheight=550
  Calculated: x_game=1561.090909090909, y_game=1002.5454545454545, w_game=43.63636363636363, h_game=31.636363636363633
  Final rect: <rect(1561, 1002, 44, 32)> (surf_w=44, surf_h=32)
  Mask pixel count: 0, Expected ellipse area: 1408.0
  Mask size: (44, 32)

Effect Slipery Layer_26:
  TMX raw: obj.x=7520.0, obj.y=3332.0, obj.width=268.0, obj.height=164.0
  Scaling: sx=0.2727272727272727, sy=0.2727272727272727, TILESIZE=150, tilewidth=550, tileheight=550
  Calculated: x_game=2050.9090909090905, y_game=908.7272727272726, w_game=73.09090909090908, h_game=44.72727272727273
  Final rect: <rect(2050, 908, 73, 45)> (surf_w=73, surf_h=45)
  Mask pixel count: 0, Expected ellipse area: 3285.0
  Mask size: (73, 45)

Effect Slipery Layer_27:
  TMX raw: obj.x=6398.66, obj.y=4802.49, obj.width=6066.67, obj.height=3243.03
  Scaling: sx=0.2727272727272727, sy=0.2727272727272727, TILESIZE=150, tilewidth=550, tileheight=550
  Calculated: x_game=1745.0890909090908, y_game=1309.7699999999998, w_game=1654.5463636363636, h_game=884.4627272727273
  Final rect: <rect(1745, 1309, 1655, 884)> (surf_w=1655, surf_h=884)
  Mask pixel count: 1463020, Expected ellipse area: 1463020.0
  Mask size: (1655, 884)

Effect Slipery Layer_28:
  TMX raw: obj.x=10142.7, obj.y=8034.49, obj.width=2818.67, obj.height=2923.03
  Scaling: sx=0.2727272727272727, sy=0.2727272727272727, TILESIZE=150, tilewidth=550, tileheight=550
  Calculated: x_game=2766.190909090909, y_game=2191.224545454545, w_game=768.7281818181817, h_game=797.1899999999999
  Final rect: <rect(2766, 2191, 769, 797)> (surf_w=769, surf_h=797)
  Mask pixel count: 612893, Expected ellipse area: 612893.0
  Mask size: (769, 797)

Effect Slipery Layer_29:
  TMX raw: obj.x=9326.67, obj.y=5482.49, obj.width=3682.67, obj.height=3675.03
  Scaling: sx=0.2727272727272727, sy=0.2727272727272727, TILESIZE=150, tilewidth=550, tileheight=550
  Calculated: x_game=2543.6372727272724, y_game=1495.2245454545453, w_game=1004.3645454545454, h_game=1002.2809090909091
  Final rect: <rect(2543, 1495, 1004, 1002)> (surf_w=1004, surf_h=1002)
  Mask pixel count: 1006008, Expected ellipse area: 1006008.0
  Mask size: (1004, 1002)

Effect Slipery Layer_30:
  TMX raw: obj.x=7918.67, obj.y=5418.49, obj.width=2818.67, obj.height=2923.03
  Scaling: sx=0.2727272727272727, sy=0.2727272727272727, TILESIZE=150, tilewidth=550, tileheight=550
  Calculated: x_game=2159.6372727272724, y_game=1477.7699999999998, w_game=768.7281818181817, h_game=797.1899999999999
  Final rect: <rect(2159, 1477, 769, 797)> (surf_w=769, surf_h=797)
  Mask pixel count: 612893, Expected ellipse area: 612893.0
  Mask size: (769, 797)

Effect Slipery Layer_0:
  TMX raw: obj.x=2762.91, obj.y=1852.12, obj.width=1050.67, obj.height=699.03
  Scaling: sx=0.2727272727272727, sy=0.2727272727272727, TILESIZE=150, tilewidth=550, tileheight=550
  Calculated: x_game=753.520909090909, y_game=505.1236363636363, w_game=286.54636363636365, h_game=190.64454545454544
  Final rect: <rect(753, 505, 287, 191)> (surf_w=287, surf_h=191)
  Mask pixel count: 54817, Expected ellipse area: 54817.0
  Mask size: (287, 191)

Effect Slipery Layer_1:
  TMX raw: obj.x=1281.94, obj.y=726.182, obj.width=890.909, obj.height=758.061
  Scaling: sx=0.2727272727272727, sy=0.2727272727272727, TILESIZE=150, tilewidth=550, tileheight=550
  Calculated: x_game=349.62, y_game=198.04963636363635, w_game=242.9751818181818, h_game=206.74390909090909
  Final rect: <rect(349, 198, 243, 207)> (surf_w=243, surf_h=207)
  Mask pixel count: 39473, Expected ellipse area: 39506.3
  Mask size: (243, 207)

Effect Slipery Layer_2:
  TMX raw: obj.x=1680.0, obj.y=732.242, obj.width=890.909, obj.height=758.061
  Scaling: sx=0.2727272727272727, sy=0.2727272727272727, TILESIZE=150, tilewidth=550, tileheight=550
  Calculated: x_game=458.18181818181813, y_game=199.7023636363636, w_game=242.9751818181818, h_game=206.74390909090909
  Final rect: <rect(458, 199, 243, 207)> (surf_w=243, surf_h=207)
  Mask pixel count: 39473, Expected ellipse area: 39506.3
  Mask size: (243, 207)

Effect Slipery Layer_3:
  TMX raw: obj.x=1584.73, obj.y=1669.45, obj.width=103.03031, obj.height=84.8485
  Scaling: sx=0.2727272727272727, sy=0.2727272727272727, TILESIZE=150, tilewidth=550, tileheight=550
  Calculated: x_game=432.1990909090909, y_game=455.3045454545454, w_game=28.099175454545453, h_game=23.1405
  Final rect: <rect(432, 455, 28, 23)> (surf_w=28, surf_h=23)
  Mask pixel count: 0, Expected ellipse area: 644.0
  Mask size: (28, 23)

Effect Slipery Layer_4:
  TMX raw: obj.x=1716.48, obj.y=2136.36, obj.width=103.03031, obj.height=84.8485
  Scaling: sx=0.2727272727272727, sy=0.2727272727272727, TILESIZE=150, tilewidth=550, tileheight=550
  Calculated: x_game=468.1309090909091, y_game=582.6436363636363, w_game=28.099175454545453, h_game=23.1405
  Final rect: <rect(468, 582, 28, 23)> (surf_w=28, surf_h=23)
  Mask pixel count: 0, Expected ellipse area: 644.0
  Mask size: (28, 23)

Effect Slipery Layer_5:
  TMX raw: obj.x=2386.55, obj.y=1828.97, obj.width=890.909, obj.height=758.061
  Scaling: sx=0.2727272727272727, sy=0.2727272727272727, TILESIZE=150, tilewidth=550, tileheight=550
  Calculated: x_game=650.8772727272727, y_game=498.80999999999995, w_game=242.9751818181818, h_game=206.74390909090909
  Final rect: <rect(650, 498, 243, 207)> (surf_w=243, surf_h=207)
  Mask pixel count: 39473, Expected ellipse area: 39506.3
  Mask size: (243, 207)

Effect Slipery Layer_6:
  TMX raw: obj.x=1834.55, obj.y=1268.97, obj.width=890.909, obj.height=758.061
  Scaling: sx=0.2727272727272727, sy=0.2727272727272727, TILESIZE=150, tilewidth=550, tileheight=550
  Calculated: x_game=500.3318181818181, y_game=346.08272727272725, w_game=242.9751818181818, h_game=206.74390909090909
  Final rect: <rect(500, 346, 243, 207)> (surf_w=243, surf_h=207)
  Mask pixel count: 39473, Expected ellipse area: 39506.3
  Mask size: (243, 207)

Effect Slipery Layer_7:
  TMX raw: obj.x=3322.55, obj.y=1820.97, obj.width=890.909, obj.height=758.061
  Scaling: sx=0.2727272727272727, sy=0.2727272727272727, TILESIZE=150, tilewidth=550, tileheight=550
  Calculated: x_game=906.15, y_game=496.6281818181818, w_game=242.9751818181818, h_game=206.74390909090909
  Final rect: <rect(906, 496, 243, 207)> (surf_w=243, surf_h=207)
  Mask pixel count: 39473, Expected ellipse area: 39506.3
  Mask size: (243, 207)

Effect Slipery Layer_8:
  TMX raw: obj.x=5146.55, obj.y=2932.97, obj.width=890.909, obj.height=758.061
  Scaling: sx=0.2727272727272727, sy=0.2727272727272727, TILESIZE=150, tilewidth=550, tileheight=550
  Calculated: x_game=1403.6045454545454, y_game=799.900909090909, w_game=242.9751818181818, h_game=206.74390909090909
  Final rect: <rect(1403, 799, 243, 207)> (surf_w=243, surf_h=207)
  Mask pixel count: 39473, Expected ellipse area: 39506.3
  Mask size: (243, 207)

Effect Slipery Layer_9:
  TMX raw: obj.x=6210.66, obj.y=3498.49, obj.width=1634.67, obj.height=699.03
  Scaling: sx=0.2727272727272727, sy=0.2727272727272727, TILESIZE=150, tilewidth=550, tileheight=550
  Calculated: x_game=1693.8163636363636, y_game=954.1336363636362, w_game=445.8190909090909, h_game=190.64454545454544
  Final rect: <rect(1693, 954, 446, 191)> (surf_w=446, surf_h=191)
  Mask pixel count: 85186, Expected ellipse area: 85186.0
  Mask size: (446, 191)

Effect Slipery Layer_10:
  TMX raw: obj.x=3942.66, obj.y=2402.49, obj.width=2122.67, obj.height=707.03
  Scaling: sx=0.2727272727272727, sy=0.2727272727272727, TILESIZE=150, tilewidth=550, tileheight=550
  Calculated: x_game=1075.270909090909, y_game=655.2245454545454, w_game=578.91, h_game=192.82636363636362
  Final rect: <rect(1075, 655, 579, 193)> (surf_w=579, surf_h=193)
  Mask pixel count: 111747, Expected ellipse area: 111747.0
  Mask size: (579, 193)

Effect Slipery Layer_11:
  TMX raw: obj.x=3482.55, obj.y=2380.97, obj.width=890.909, obj.height=758.061
  Scaling: sx=0.2727272727272727, sy=0.2727272727272727, TILESIZE=150, tilewidth=550, tileheight=550
  Calculated: x_game=949.7863636363636, y_game=649.3554545454544, w_game=242.9751818181818, h_game=206.74390909090909
  Final rect: <rect(949, 649, 243, 207)> (surf_w=243, surf_h=207)
  Mask pixel count: 39473, Expected ellipse area: 39506.3
  Mask size: (243, 207)

Effect Slipery Layer_12:
  TMX raw: obj.x=5674.55, obj.y=3468.97, obj.width=890.909, obj.height=758.061
  Scaling: sx=0.2727272727272727, sy=0.2727272727272727, TILESIZE=150, tilewidth=550, tileheight=550
  Calculated: x_game=1547.6045454545454, y_game=946.0827272727272, w_game=242.9751818181818, h_game=206.74390909090909
  Final rect: <rect(1547, 946, 243, 207)> (surf_w=243, surf_h=207)
  Mask pixel count: 39473, Expected ellipse area: 39506.3
  Mask size: (243, 207)

Effect Slipery Layer_13:
  TMX raw: obj.x=5518.66, obj.y=2962.49, obj.width=1634.67, obj.height=699.03
  Scaling: sx=0.2727272727272727, sy=0.2727272727272727, TILESIZE=150, tilewidth=550, tileheight=550
  Calculated: x_game=1505.0890909090908, y_game=807.9518181818181, w_game=445.8190909090909, h_game=190.64454545454544
  Final rect: <rect(1505, 807, 446, 191)> (surf_w=446, surf_h=191)
  Mask pixel count: 85186, Expected ellipse area: 85186.0
  Mask size: (446, 191)

Effect Slipery Layer_14:
  TMX raw: obj.x=6610.55, obj.y=2924.97, obj.width=890.909, obj.height=758.061
  Scaling: sx=0.2727272727272727, sy=0.2727272727272727, TILESIZE=150, tilewidth=550, tileheight=550
  Calculated: x_game=1802.8772727272726, y_game=797.7190909090908, w_game=242.9751818181818, h_game=206.74390909090909
  Final rect: <rect(1802, 797, 243, 207)> (surf_w=243, surf_h=207)
  Mask pixel count: 39473, Expected ellipse area: 39506.3
  Mask size: (243, 207)

Effect Slipery Layer_15:
  TMX raw: obj.x=5530.55, obj.y=2356.97, obj.width=890.909, obj.height=758.061
  Scaling: sx=0.2727272727272727, sy=0.2727272727272727, TILESIZE=150, tilewidth=550, tileheight=550
  Calculated: x_game=1508.331818181818, y_game=642.81, w_game=242.9751818181818, h_game=206.74390909090909
  Final rect: <rect(1508, 642, 243, 207)> (surf_w=243, surf_h=207)
  Mask pixel count: 39473, Expected ellipse area: 39506.3
  Mask size: (243, 207)

Effect Slipery Layer_16:
  TMX raw: obj.x=2226.55, obj.y=1268.97, obj.width=890.909, obj.height=758.061
  Scaling: sx=0.2727272727272727, sy=0.2727272727272727, TILESIZE=150, tilewidth=550, tileheight=550
  Calculated: x_game=607.2409090909091, y_game=346.08272727272725, w_game=242.9751818181818, h_game=206.74390909090909
  Final rect: <rect(607, 346, 243, 207)> (surf_w=243, surf_h=207)
  Mask pixel count: 39473, Expected ellipse area: 39506.3
  Mask size: (243, 207)

Effect Slipery Layer_17:
  TMX raw: obj.x=1884.0, obj.y=1468.0, obj.width=132.0, obj.height=128.0
  Scaling: sx=0.2727272727272727, sy=0.2727272727272727, TILESIZE=150, tilewidth=550, tileheight=550
  Calculated: x_game=513.8181818181818, y_game=400.3636363636363, w_game=36.0, h_game=34.90909090909091
  Final rect: <rect(513, 400, 36, 35)> (surf_w=36, surf_h=35)
  Mask pixel count: 0, Expected ellipse area: 1260.0
  Mask size: (36, 35)

Effect Slipery Layer_18:
  TMX raw: obj.x=2580.0, obj.y=1172.0, obj.width=140.0, obj.height=116.0
  Scaling: sx=0.2727272727272727, sy=0.2727272727272727, TILESIZE=150, tilewidth=550, tileheight=550
  Calculated: x_game=703.6363636363636, y_game=319.6363636363636, w_game=38.18181818181818, h_game=31.636363636363633
  Final rect: <rect(703, 319, 38, 32)> (surf_w=38, surf_h=32)
  Mask pixel count: 0, Expected ellipse area: 1216.0
  Mask size: (38, 32)

Effect Slipery Layer_19:
  TMX raw: obj.x=3124.0, obj.y=1704.0, obj.width=252.0, obj.height=144.0
  Scaling: sx=0.2727272727272727, sy=0.2727272727272727, TILESIZE=150, tilewidth=550, tileheight=550
  Calculated: x_game=851.9999999999999, y_game=464.7272727272727, w_game=68.72727272727272, h_game=39.272727272727266
  Final rect: <rect(851, 464, 69, 39)> (surf_w=69, surf_h=39)
  Mask pixel count: 0, Expected ellipse area: 2691.0
  Mask size: (69, 39)

Effect Slipery Layer_20:
  TMX raw: obj.x=3320.0, obj.y=2560.0, obj.width=232.0, obj.height=152.0
  Scaling: sx=0.2727272727272727, sy=0.2727272727272727, TILESIZE=150, tilewidth=550, tileheight=550
  Calculated: x_game=905.4545454545454, y_game=698.1818181818181, w_game=63.272727272727266, h_game=41.45454545454545
  Final rect: <rect(905, 698, 63, 41)> (surf_w=63, surf_h=41)
  Mask pixel count: 0, Expected ellipse area: 2583.0
  Mask size: (63, 41)

Effect Slipery Layer_21:
  TMX raw: obj.x=2376.0, obj.y=2156.0, obj.width=172.0, obj.height=164.0
  Scaling: sx=0.2727272727272727, sy=0.2727272727272727, TILESIZE=150, tilewidth=550, tileheight=550
  Calculated: x_game=648.0, y_game=588.0, w_game=46.90909090909091, h_game=44.72727272727273
  Final rect: <rect(648, 588, 47, 45)> (surf_w=47, surf_h=45)
  Mask pixel count: 0, Expected ellipse area: 2115.0
  Mask size: (47, 45)

Effect Slipery Layer_22:
  TMX raw: obj.x=4216.0, obj.y=2236.0, obj.width=240.0, obj.height=160.0
  Scaling: sx=0.2727272727272727, sy=0.2727272727272727, TILESIZE=150, tilewidth=550, tileheight=550
  Calculated: x_game=1149.8181818181818, y_game=609.8181818181818, w_game=65.45454545454545, h_game=43.63636363636363
  Final rect: <rect(1149, 609, 65, 44)> (surf_w=65, surf_h=44)
  Mask pixel count: 0, Expected ellipse area: 2860.0
  Mask size: (65, 44)

Effect Slipery Layer_23:
  TMX raw: obj.x=5212.0, obj.y=3120.0, obj.width=228.0, obj.height=204.0
  Scaling: sx=0.2727272727272727, sy=0.2727272727272727, TILESIZE=150, tilewidth=550, tileheight=550
  Calculated: x_game=1421.4545454545453, y_game=850.9090909090909, w_game=62.18181818181818, h_game=55.63636363636363
  Final rect: <rect(1421, 850, 62, 56)> (surf_w=62, surf_h=56)
  Mask pixel count: 0, Expected ellipse area: 3472.0
  Mask size: (62, 56)

Effect Slipery Layer_24:
  TMX raw: obj.x=6424.0, obj.y=2816.0, obj.width=336.0, obj.height=148.0
  Scaling: sx=0.2727272727272727, sy=0.2727272727272727, TILESIZE=150, tilewidth=550, tileheight=550
  Calculated: x_game=1751.9999999999998, y_game=768.0, w_game=91.63636363636363, h_game=40.36363636363636
  Final rect: <rect(1751, 768, 92, 40)> (surf_w=92, surf_h=40)
  Mask pixel count: 0, Expected ellipse area: 3680.0
  Mask size: (92, 40)

Effect Slipery Layer_25:
  TMX raw: obj.x=5724.0, obj.y=3676.0, obj.width=160.0, obj.height=116.0
  Scaling: sx=0.2727272727272727, sy=0.2727272727272727, TILESIZE=150, tilewidth=550, tileheight=550
  Calculated: x_game=1561.090909090909, y_game=1002.5454545454545, w_game=43.63636363636363, h_game=31.636363636363633
  Final rect: <rect(1561, 1002, 44, 32)> (surf_w=44, surf_h=32)
  Mask pixel count: 0, Expected ellipse area: 1408.0
  Mask size: (44, 32)

Effect Slipery Layer_26:
  TMX raw: obj.x=7520.0, obj.y=3332.0, obj.width=268.0, obj.height=164.0
  Scaling: sx=0.2727272727272727, sy=0.2727272727272727, TILESIZE=150, tilewidth=550, tileheight=550
  Calculated: x_game=2050.9090909090905, y_game=908.7272727272726, w_game=73.09090909090908, h_game=44.72727272727273
  Final rect: <rect(2050, 908, 73, 45)> (surf_w=73, surf_h=45)
  Mask pixel count: 0, Expected ellipse area: 3285.0
  Mask size: (73, 45)

Effect Slipery Layer_27:
  TMX raw: obj.x=6398.66, obj.y=4802.49, obj.width=6066.67, obj.height=3243.03
  Scaling: sx=0.2727272727272727, sy=0.2727272727272727, TILESIZE=150, tilewidth=550, tileheight=550
  Calculated: x_game=1745.0890909090908, y_game=1309.7699999999998, w_game=1654.5463636363636, h_game=884.4627272727273
  Final rect: <rect(1745, 1309, 1655, 884)> (surf_w=1655, surf_h=884)
  Mask pixel count: 1463020, Expected ellipse area: 1463020.0
  Mask size: (1655, 884)

Effect Slipery Layer_28:
  TMX raw: obj.x=10142.7, obj.y=8034.49, obj.width=2818.67, obj.height=2923.03
  Scaling: sx=0.2727272727272727, sy=0.2727272727272727, TILESIZE=150, tilewidth=550, tileheight=550
  Calculated: x_game=2766.190909090909, y_game=2191.224545454545, w_game=768.7281818181817, h_game=797.1899999999999
  Final rect: <rect(2766, 2191, 769, 797)> (surf_w=769, surf_h=797)
  Mask pixel count: 612893, Expected ellipse area: 612893.0
  Mask size: (769, 797)

Effect Slipery Layer_29:
  TMX raw: obj.x=9326.67, obj.y=5482.49, obj.width=3682.67, obj.height=3675.03
  Scaling: sx=0.2727272727272727, sy=0.2727272727272727, TILESIZE=150, tilewidth=550, tileheight=550
  Calculated: x_game=2543.6372727272724, y_game=1495.2245454545453, w_game=1004.3645454545454, h_game=1002.2809090909091
  Final rect: <rect(2543, 1495, 1004, 1002)> (surf_w=1004, surf_h=1002)
  Mask pixel count: 1006008, Expected ellipse area: 1006008.0
  Mask size: (1004, 1002)

Effect Slipery Layer_30:
  TMX raw: obj.x=7918.67, obj.y=5418.49, obj.width=2818.67, obj.height=2923.03
  Scaling: sx=0.2727272727272727, sy=0.2727272727272727, TILESIZE=150, tilewidth=550, tileheight=550
  Calculated: x_game=2159.6372727272724, y_game=1477.7699999999998, w_game=768.7281818181817, h_game=797.1899999999999
  Final rect: <rect(2159, 1477, 769, 797)> (surf_w=769, surf_h=797)
  Mask pixel count: 612893, Expected ellipse area: 612893.0
  Mask size: (769, 797)

Effect Slipery Layer_0:
  TMX raw: obj.x=2762.91, obj.y=1852.12, obj.width=1050.67, obj.height=699.03
  Scaling: sx=0.2727272727272727, sy=0.2727272727272727, TILESIZE=150, tilewidth=550, tileheight=550
  Calculated: x_game=753.520909090909, y_game=505.1236363636363, w_game=286.54636363636365, h_game=190.64454545454544
  Final rect: <rect(753, 505, 287, 191)> (surf_w=287, surf_h=191)
  Mask pixel count: 54817, Expected ellipse area: 54817.0
  Mask size: (287, 191)

Effect Slipery Layer_1:
  TMX raw: obj.x=1281.94, obj.y=726.182, obj.width=890.909, obj.height=758.061
  Scaling: sx=0.2727272727272727, sy=0.2727272727272727, TILESIZE=150, tilewidth=550, tileheight=550
  Calculated: x_game=349.62, y_game=198.04963636363635, w_game=242.9751818181818, h_game=206.74390909090909
  Final rect: <rect(349, 198, 243, 207)> (surf_w=243, surf_h=207)
  Mask pixel count: 39473, Expected ellipse area: 39506.3
  Mask size: (243, 207)

Effect Slipery Layer_2:
  TMX raw: obj.x=1680.0, obj.y=732.242, obj.width=890.909, obj.height=758.061
  Scaling: sx=0.2727272727272727, sy=0.2727272727272727, TILESIZE=150, tilewidth=550, tileheight=550
  Calculated: x_game=458.18181818181813, y_game=199.7023636363636, w_game=242.9751818181818, h_game=206.74390909090909
  Final rect: <rect(458, 199, 243, 207)> (surf_w=243, surf_h=207)
  Mask pixel count: 39473, Expected ellipse area: 39506.3
  Mask size: (243, 207)

Effect Slipery Layer_3:
  TMX raw: obj.x=1584.73, obj.y=1669.45, obj.width=103.03031, obj.height=84.8485
  Scaling: sx=0.2727272727272727, sy=0.2727272727272727, TILESIZE=150, tilewidth=550, tileheight=550
  Calculated: x_game=432.1990909090909, y_game=455.3045454545454, w_game=28.099175454545453, h_game=23.1405
  Final rect: <rect(432, 455, 28, 23)> (surf_w=28, surf_h=23)
  Mask pixel count: 0, Expected ellipse area: 644.0
  Mask size: (28, 23)

Effect Slipery Layer_4:
  TMX raw: obj.x=1716.48, obj.y=2136.36, obj.width=103.03031, obj.height=84.8485
  Scaling: sx=0.2727272727272727, sy=0.2727272727272727, TILESIZE=150, tilewidth=550, tileheight=550
  Calculated: x_game=468.1309090909091, y_game=582.6436363636363, w_game=28.099175454545453, h_game=23.1405
  Final rect: <rect(468, 582, 28, 23)> (surf_w=28, surf_h=23)
  Mask pixel count: 0, Expected ellipse area: 644.0
  Mask size: (28, 23)

Effect Slipery Layer_5:
  TMX raw: obj.x=2386.55, obj.y=1828.97, obj.width=890.909, obj.height=758.061
  Scaling: sx=0.2727272727272727, sy=0.2727272727272727, TILESIZE=150, tilewidth=550, tileheight=550
  Calculated: x_game=650.8772727272727, y_game=498.80999999999995, w_game=242.9751818181818, h_game=206.74390909090909
  Final rect: <rect(650, 498, 243, 207)> (surf_w=243, surf_h=207)
  Mask pixel count: 39473, Expected ellipse area: 39506.3
  Mask size: (243, 207)

Effect Slipery Layer_6:
  TMX raw: obj.x=1834.55, obj.y=1268.97, obj.width=890.909, obj.height=758.061
  Scaling: sx=0.2727272727272727, sy=0.2727272727272727, TILESIZE=150, tilewidth=550, tileheight=550
  Calculated: x_game=500.3318181818181, y_game=346.08272727272725, w_game=242.9751818181818, h_game=206.74390909090909
  Final rect: <rect(500, 346, 243, 207)> (surf_w=243, surf_h=207)
  Mask pixel count: 39473, Expected ellipse area: 39506.3
  Mask size: (243, 207)

Effect Slipery Layer_7:
  TMX raw: obj.x=3322.55, obj.y=1820.97, obj.width=890.909, obj.height=758.061
  Scaling: sx=0.2727272727272727, sy=0.2727272727272727, TILESIZE=150, tilewidth=550, tileheight=550
  Calculated: x_game=906.15, y_game=496.6281818181818, w_game=242.9751818181818, h_game=206.74390909090909
  Final rect: <rect(906, 496, 243, 207)> (surf_w=243, surf_h=207)
  Mask pixel count: 39473, Expected ellipse area: 39506.3
  Mask size: (243, 207)

Effect Slipery Layer_8:
  TMX raw: obj.x=5146.55, obj.y=2932.97, obj.width=890.909, obj.height=758.061
  Scaling: sx=0.2727272727272727, sy=0.2727272727272727, TILESIZE=150, tilewidth=550, tileheight=550
  Calculated: x_game=1403.6045454545454, y_game=799.900909090909, w_game=242.9751818181818, h_game=206.74390909090909
  Final rect: <rect(1403, 799, 243, 207)> (surf_w=243, surf_h=207)
  Mask pixel count: 39473, Expected ellipse area: 39506.3
  Mask size: (243, 207)

Effect Slipery Layer_9:
  TMX raw: obj.x=6210.66, obj.y=3498.49, obj.width=1634.67, obj.height=699.03
  Scaling: sx=0.2727272727272727, sy=0.2727272727272727, TILESIZE=150, tilewidth=550, tileheight=550
  Calculated: x_game=1693.8163636363636, y_game=954.1336363636362, w_game=445.8190909090909, h_game=190.64454545454544
  Final rect: <rect(1693, 954, 446, 191)> (surf_w=446, surf_h=191)
  Mask pixel count: 85186, Expected ellipse area: 85186.0
  Mask size: (446, 191)

Effect Slipery Layer_10:
  TMX raw: obj.x=3942.66, obj.y=2402.49, obj.width=2122.67, obj.height=707.03
  Scaling: sx=0.2727272727272727, sy=0.2727272727272727, TILESIZE=150, tilewidth=550, tileheight=550
  Calculated: x_game=1075.270909090909, y_game=655.2245454545454, w_game=578.91, h_game=192.82636363636362
  Final rect: <rect(1075, 655, 579, 193)> (surf_w=579, surf_h=193)
  Mask pixel count: 111747, Expected ellipse area: 111747.0
  Mask size: (579, 193)

Effect Slipery Layer_11:
  TMX raw: obj.x=3482.55, obj.y=2380.97, obj.width=890.909, obj.height=758.061
  Scaling: sx=0.2727272727272727, sy=0.2727272727272727, TILESIZE=150, tilewidth=550, tileheight=550
  Calculated: x_game=949.7863636363636, y_game=649.3554545454544, w_game=242.9751818181818, h_game=206.74390909090909
  Final rect: <rect(949, 649, 243, 207)> (surf_w=243, surf_h=207)
  Mask pixel count: 39473, Expected ellipse area: 39506.3
  Mask size: (243, 207)

Effect Slipery Layer_12:
  TMX raw: obj.x=5674.55, obj.y=3468.97, obj.width=890.909, obj.height=758.061
  Scaling: sx=0.2727272727272727, sy=0.2727272727272727, TILESIZE=150, tilewidth=550, tileheight=550
  Calculated: x_game=1547.6045454545454, y_game=946.0827272727272, w_game=242.9751818181818, h_game=206.74390909090909
  Final rect: <rect(1547, 946, 243, 207)> (surf_w=243, surf_h=207)
  Mask pixel count: 39473, Expected ellipse area: 39506.3
  Mask size: (243, 207)

Effect Slipery Layer_13:
  TMX raw: obj.x=5518.66, obj.y=2962.49, obj.width=1634.67, obj.height=699.03
  Scaling: sx=0.2727272727272727, sy=0.2727272727272727, TILESIZE=150, tilewidth=550, tileheight=550
  Calculated: x_game=1505.0890909090908, y_game=807.9518181818181, w_game=445.8190909090909, h_game=190.64454545454544
  Final rect: <rect(1505, 807, 446, 191)> (surf_w=446, surf_h=191)
  Mask pixel count: 85186, Expected ellipse area: 85186.0
  Mask size: (446, 191)

Effect Slipery Layer_14:
  TMX raw: obj.x=6610.55, obj.y=2924.97, obj.width=890.909, obj.height=758.061
  Scaling: sx=0.2727272727272727, sy=0.2727272727272727, TILESIZE=150, tilewidth=550, tileheight=550
  Calculated: x_game=1802.8772727272726, y_game=797.7190909090908, w_game=242.9751818181818, h_game=206.74390909090909
  Final rect: <rect(1802, 797, 243, 207)> (surf_w=243, surf_h=207)
  Mask pixel count: 39473, Expected ellipse area: 39506.3
  Mask size: (243, 207)

Effect Slipery Layer_15:
  TMX raw: obj.x=5530.55, obj.y=2356.97, obj.width=890.909, obj.height=758.061
  Scaling: sx=0.2727272727272727, sy=0.2727272727272727, TILESIZE=150, tilewidth=550, tileheight=550
  Calculated: x_game=1508.331818181818, y_game=642.81, w_game=242.9751818181818, h_game=206.74390909090909
  Final rect: <rect(1508, 642, 243, 207)> (surf_w=243, surf_h=207)
  Mask pixel count: 39473, Expected ellipse area: 39506.3
  Mask size: (243, 207)

Effect Slipery Layer_16:
  TMX raw: obj.x=2226.55, obj.y=1268.97, obj.width=890.909, obj.height=758.061
  Scaling: sx=0.2727272727272727, sy=0.2727272727272727, TILESIZE=150, tilewidth=550, tileheight=550
  Calculated: x_game=607.2409090909091, y_game=346.08272727272725, w_game=242.9751818181818, h_game=206.74390909090909
  Final rect: <rect(607, 346, 243, 207)> (surf_w=243, surf_h=207)
  Mask pixel count: 39473, Expected ellipse area: 39506.3
  Mask size: (243, 207)

Effect Slipery Layer_17:
  TMX raw: obj.x=1884.0, obj.y=1468.0, obj.width=132.0, obj.height=128.0
  Scaling: sx=0.2727272727272727, sy=0.2727272727272727, TILESIZE=150, tilewidth=550, tileheight=550
  Calculated: x_game=513.8181818181818, y_game=400.3636363636363, w_game=36.0, h_game=34.90909090909091
  Final rect: <rect(513, 400, 36, 35)> (surf_w=36, surf_h=35)
  Mask pixel count: 0, Expected ellipse area: 1260.0
  Mask size: (36, 35)

Effect Slipery Layer_18:
  TMX raw: obj.x=2580.0, obj.y=1172.0, obj.width=140.0, obj.height=116.0
  Scaling: sx=0.2727272727272727, sy=0.2727272727272727, TILESIZE=150, tilewidth=550, tileheight=550
  Calculated: x_game=703.6363636363636, y_game=319.6363636363636, w_game=38.18181818181818, h_game=31.636363636363633
  Final rect: <rect(703, 319, 38, 32)> (surf_w=38, surf_h=32)
  Mask pixel count: 0, Expected ellipse area: 1216.0
  Mask size: (38, 32)

Effect Slipery Layer_19:
  TMX raw: obj.x=3124.0, obj.y=1704.0, obj.width=252.0, obj.height=144.0
  Scaling: sx=0.2727272727272727, sy=0.2727272727272727, TILESIZE=150, tilewidth=550, tileheight=550
  Calculated: x_game=851.9999999999999, y_game=464.7272727272727, w_game=68.72727272727272, h_game=39.272727272727266
  Final rect: <rect(851, 464, 69, 39)> (surf_w=69, surf_h=39)
  Mask pixel count: 0, Expected ellipse area: 2691.0
  Mask size: (69, 39)

Effect Slipery Layer_20:
  TMX raw: obj.x=3320.0, obj.y=2560.0, obj.width=232.0, obj.height=152.0
  Scaling: sx=0.2727272727272727, sy=0.2727272727272727, TILESIZE=150, tilewidth=550, tileheight=550
  Calculated: x_game=905.4545454545454, y_game=698.1818181818181, w_game=63.272727272727266, h_game=41.45454545454545
  Final rect: <rect(905, 698, 63, 41)> (surf_w=63, surf_h=41)
  Mask pixel count: 0, Expected ellipse area: 2583.0
  Mask size: (63, 41)

Effect Slipery Layer_21:
  TMX raw: obj.x=2376.0, obj.y=2156.0, obj.width=172.0, obj.height=164.0
  Scaling: sx=0.2727272727272727, sy=0.2727272727272727, TILESIZE=150, tilewidth=550, tileheight=550
  Calculated: x_game=648.0, y_game=588.0, w_game=46.90909090909091, h_game=44.72727272727273
  Final rect: <rect(648, 588, 47, 45)> (surf_w=47, surf_h=45)
  Mask pixel count: 0, Expected ellipse area: 2115.0
  Mask size: (47, 45)

Effect Slipery Layer_22:
  TMX raw: obj.x=4216.0, obj.y=2236.0, obj.width=240.0, obj.height=160.0
  Scaling: sx=0.2727272727272727, sy=0.2727272727272727, TILESIZE=150, tilewidth=550, tileheight=550
  Calculated: x_game=1149.8181818181818, y_game=609.8181818181818, w_game=65.45454545454545, h_game=43.63636363636363
  Final rect: <rect(1149, 609, 65, 44)> (surf_w=65, surf_h=44)
  Mask pixel count: 0, Expected ellipse area: 2860.0
  Mask size: (65, 44)

Effect Slipery Layer_23:
  TMX raw: obj.x=5212.0, obj.y=3120.0, obj.width=228.0, obj.height=204.0
  Scaling: sx=0.2727272727272727, sy=0.2727272727272727, TILESIZE=150, tilewidth=550, tileheight=550
  Calculated: x_game=1421.4545454545453, y_game=850.9090909090909, w_game=62.18181818181818, h_game=55.63636363636363
  Final rect: <rect(1421, 850, 62, 56)> (surf_w=62, surf_h=56)
  Mask pixel count: 0, Expected ellipse area: 3472.0
  Mask size: (62, 56)

Effect Slipery Layer_24:
  TMX raw: obj.x=6424.0, obj.y=2816.0, obj.width=336.0, obj.height=148.0
  Scaling: sx=0.2727272727272727, sy=0.2727272727272727, TILESIZE=150, tilewidth=550, tileheight=550
  Calculated: x_game=1751.9999999999998, y_game=768.0, w_game=91.63636363636363, h_game=40.36363636363636
  Final rect: <rect(1751, 768, 92, 40)> (surf_w=92, surf_h=40)
  Mask pixel count: 0, Expected ellipse area: 3680.0
  Mask size: (92, 40)

Effect Slipery Layer_25:
  TMX raw: obj.x=5724.0, obj.y=3676.0, obj.width=160.0, obj.height=116.0
  Scaling: sx=0.2727272727272727, sy=0.2727272727272727, TILESIZE=150, tilewidth=550, tileheight=550
  Calculated: x_game=1561.090909090909, y_game=1002.5454545454545, w_game=43.63636363636363, h_game=31.636363636363633
  Final rect: <rect(1561, 1002, 44, 32)> (surf_w=44, surf_h=32)
  Mask pixel count: 0, Expected ellipse area: 1408.0
  Mask size: (44, 32)

Effect Slipery Layer_26:
  TMX raw: obj.x=7520.0, obj.y=3332.0, obj.width=268.0, obj.height=164.0
  Scaling: sx=0.2727272727272727, sy=0.2727272727272727, TILESIZE=150, tilewidth=550, tileheight=550
  Calculated: x_game=2050.9090909090905, y_game=908.7272727272726, w_game=73.09090909090908, h_game=44.72727272727273
  Final rect: <rect(2050, 908, 73, 45)> (surf_w=73, surf_h=45)
  Mask pixel count: 0, Expected ellipse area: 3285.0
  Mask size: (73, 45)

Effect Slipery Layer_27:
  TMX raw: obj.x=6398.66, obj.y=4802.49, obj.width=6066.67, obj.height=3243.03
  Scaling: sx=0.2727272727272727, sy=0.2727272727272727, TILESIZE=150, tilewidth=550, tileheight=550
  Calculated: x_game=1745.0890909090908, y_game=1309.7699999999998, w_game=1654.5463636363636, h_game=884.4627272727273
  Final rect: <rect(1745, 1309, 1655, 884)> (surf_w=1655, surf_h=884)
  Mask pixel count: 1463020, Expected ellipse area: 1463020.0
  Mask size: (1655, 884)

Effect Slipery Layer_28:
  TMX raw: obj.x=10142.7, obj.y=8034.49, obj.width=2818.67, obj.height=2923.03
  Scaling: sx=0.2727272727272727, sy=0.2727272727272727, TILESIZE=150, tilewidth=550, tileheight=550
  Calculated: x_game=2766.190909090909, y_game=2191.224545454545, w_game=768.7281818181817, h_game=797.1899999999999
  Final rect: <rect(2766, 2191, 769, 797)> (surf_w=769, surf_h=797)
  Mask pixel count: 612893, Expected ellipse area: 612893.0
  Mask size: (769, 797)

Effect Slipery Layer_29:
  TMX raw: obj.x=9326.67, obj.y=5482.49, obj.width=3682.67, obj.height=3675.03
  Scaling: sx=0.2727272727272727, sy=0.2727272727272727, TILESIZE=150, tilewidth=550, tileheight=550
  Calculated: x_game=2543.6372727272724, y_game=1495.2245454545453, w_game=1004.3645454545454, h_game=1002.2809090909091
  Final rect: <rect(2543, 1495, 1004, 1002)> (surf_w=1004, surf_h=1002)
  Mask pixel count: 1006008, Expected ellipse area: 1006008.0
  Mask size: (1004, 1002)

Effect Slipery Layer_30:
  TMX raw: obj.x=7918.67, obj.y=5418.49, obj.width=2818.67, obj.height=2923.03
  Scaling: sx=0.2727272727272727, sy=0.2727272727272727, TILESIZE=150, tilewidth=550, tileheight=550
  Calculated: x_game=2159.6372727272724, y_game=1477.7699999999998, w_game=768.7281818181817, h_game=797.1899999999999
  Final rect: <rect(2159, 1477, 769, 797)> (surf_w=769, surf_h=797)
  Mask pixel count: 612893, Expected ellipse area: 612893.0
  Mask size: (769, 797)

